Company,Stock Symbol
AAON INC AAON,AAON
AMERICAN ASSETS TRST IN AAT,AAT
ADVANCED ANALOGIC TECH AATI,AATI
ATLAS AIR WORLDWIDE HLD AAWW,AAWW
ABAXIS INC ABAX,ABAX
ABINGTON BANCORP INC ABBC,ABBC
AMERIS BANCORP ABCB,ABCB
CAMBIUM LEARNING GRP IN ABCD,ABCD
ADVISORY BOARD CO ABCO,ABCO
ACCO BRANDS CORP ABD,ABD
ARKANSAS BEST CORP ABFS,ABFS
ASBURY AUTOMOTIVE GROUP ABG,ABG
ABM INDUSTRIES INC ABM,ABM
ABIOMED INC ABMD,ABMD
ABOVENET INC ABVT,ABVT
ARCTIC CAT INC ACAT,ACAT
AMERICAN CAMPUS COMMUN ACC,ACC
ACCELRYS INC ACCL,ACCL
ACETO CORP ACET,ACET
ACHILLION PHARM ACHN,ACHN
ACI WORLDWIDE INC ACIW,ACIW
AXCELIS TECHNOLOGIES IN ACLS,ACLS
AMCOL INTERNATIONAL COR ACO,ACO
ANCESTRY.COM INC ACOM,ACOM
ACORDA THERAPEUTICS INC ACOR,ACOR
ACTIVE POWER INC ACPW,ACPW
ACACIA RESEARCH CORP ACTG,ACTG
ACTIVE NETWORK INC ACTV,ACTV
ACURA PHARMACEUTICALS ACUR,ACUR
ACCURIDE CORP NEW ACW,ACW
ACXIOM CORP ACXM,ACXM
AGREE REALTY CORP ADC,ADC
AMERICAN DENTAL PARTNER ADPI,ADPI
ADTRAN INC ADTN,ADTN
ADVENT SOFTWARE INC ADVS,ADVS
ADVANCE AMERICA CASH AD AEA,AEA
ASSOCIATED ESTATES RLTY AEC,AEC
AEGERION PHARM INC AEGR,AEGR
ADVANCED ENERGY INDS IN AEIS,AEIS
AMERICAN EQUITY INVST AEL,AEL
AEP INDUSTRIES INC AEPI,AEPI
ASTORIA FINANCIAL CORP AF,AF
ALMOST FAMILY INC AFAM,AFAM
AFC ENTERPRISES INC AFCE,AFCE
AFFYMETRIX INC AFFX,AFFX
AFFYMAX INC AFFY,AFFY
UNITED CAPITAL CORP AFP,AFP
AMTRUST FINL SVCS AFSI,AFSI
ARGO GROUP INTL AGII,AGII
FEDERAL AGRIC MTG CO AGM,AGM
ARGAN INC AGX,AGX
AGILYSYS INC AGYS,AGYS
ACCRETIVE HEALTH INC AH,AH
A H BELO CORP AHC,AHC
AMN HEALTHCARE SERVICES AHS,AHS
ASHFORD HOSPITALITY AHT,AHT
ARLINGTON ASSET INVT AI,AI
ALTRA HOLDINGS INC AIMC,AIMC
ALBANY INTERNATIONAL AIN,AIN
APOLLO INVESTMENT CORP AINV,AINV
ALLIANCE HEALTHCARE SVC AIQ,AIQ
AAR CORP AIR,AIR
AIR METHODS CORP AIRM,AIRM
ANTARES PHARMA INC AIS,AIS
APPLIED INDUSTRIAL TECH AIT,AIT
ACADIA REALTY TRUST AKR,AKR
AKORN INC AKRX,AKRX
ASSISTED LIVING CONCPT ALC,ALC
ALICO INC ALCO,ALCO
ALLETE INC ALE,ALE
ALAMO GROUP INC ALG,ALG
ALIGN TECHNOLOGY INC ALGN,ALGN
ALLEGIANT TRAVEL CO ALGT,ALGT
ALIMERA SCIENCES INC ALIM,ALIM
ALON USA ENERGY INC ALJ,ALJ
ALASKA AIR GROUP INC ALK,ALK
ALKERMES INC ALKS,ALKS
ALLIANCE FINANCIAL CORP ALNC,ALNC
ALNYLAM PHARMACEUTICALS ALNY,ALNY
ANALOGIC CORP ALOG,ALOG
ALASKA COMMUNICATIONS ALSK,ALSK
ALTERRA CAPITAL HOLDING ALTE,ALTE
ALLOS THERAPEUTICS INC ALTH,ALTH
ALEXANDERS INC ALX,ALX
AMERICAN GREETINGS AM,AM
AMAG PHARMACEUTICALS IN AMAG,AMAG
APPLIED MICRO CIRCUITS AMCC,AMCC
AMEDISYS INC AMED,AMED
AMKOR TECHNOLOGY INC AMKR,AMKR
AMERON INTERNATIONAL IN AMN,AMN
AMPIO PHARMACEUTICALS AMPE,AMPE
AMERESCO INC AMRC,AMRC
ALBANY MOLECULAR RESRCH AMRI,AMRI
AMYRIS INC AMRS,AMRS
AMERICAN SUPERCONDUCTOR AMSC,AMSC
AMERISAFE INC AMSF,AMSF
AMSURG CORP AMSG,AMSG
AMERICAN SOFTWARE INC AMSWA,AMSWA
AMERICAN WOODMARK CORP AMWD,AMWD
ANACOR PHARM INC ANAC,ANAC
ANADIGICS INC ANAD,ANAD
ANDERSONS INC ANDE,ANDE
ANAREN INC ANEN,ANEN
ANGIODYNAMICS INC ANGO,ANGO
ANWORTH MORTGAGE ASSET ANH,ANH
ANN INC ANN,ANN
ANTHERA PHARMACEUTICALS ANTH,ANTH
ALLIANCE ONE INTL INC AOI,AOI
A123 SYSTEMS INC AONE,AONE
SMITH A O CORP AOS,AOS
ALPHA & OMEGA SEMICON AOSL,AOSL
AMPCO-PITTSBURGH CORP AP,AP
APAC CUSTOMER SERVICES APAC,APAC
APCO OIL & GAS INTL INC APAGF,APAGF
AMER PUBLIC EDUCATION APEI,APEI
APOGEE ENTERPRISES INC APOG,APOG
ACCURAY INC ARAY,ARAY
ARBITRON INC ARB,ARB
AMERICAN REPROGRAPHICS ARC,ARC
ARCHIPELAGO LEARNING IN ARCL,ARCL
ARDEN GROUP INC ARDNA,ARDNA
APPROACH RESOURCES INC AREX,AREX
AMERIGON INC ARGN,ARGN
APOLLO COMMERCIAL RE ARI,ARI
ARIAD PHARMACEUTICALS ARIA,ARIA
AMERICAN RAILCAR IND ARII,ARII
ARCH CHEMICALS INC ARJ,ARJ
ARENA PHARMACEUTICALS ARNA,ARNA
AEROPOSTALE INC ARO,ARO
ARROW FINANCIAL CORP AROW,AROW
ARQULE INC ARQL,ARQL
ARMOUR RESIDENTIAL REIT ARR,ARR
ARRIS GROUP INC ARRS,ARRS
ARRAY BIOPHARMA INC ARRY,ARRY
ARTIO GLOBAL INVESTORS ART,ART
ARTHROCARE CORP ARTC,ARTC
ARTESIAN RESOURCES CORP ARTNA,ARTNA
ARUBA NETWORKS INC ARUN,ARUN
AEROFLEX HLDG CORP ARX,ARX
AMERISTAR CASINOS INC ASCA,ASCA
ASCENT MEDIA CORP ASCMA,ASCMA
AMERICAN SCIENCE & ENGR ASEI,ASEI
ON ASSIGNMENT INC ASGN,ASGN
AMERICAN SAFETY INS HLD ASI,ASI
ASCENA RETAIL GROUP INC ASNA,ASNA
ASTEC INDUSTRIES INC ASTE,ASTE
AMTECH SYSTEMS INC ASYS,ASYS
ATLANTIC PWR CORP AT,AT
ALPHATEC HOLDINGS ATEC,ATEC
ATHENAHEALTH INC ATHN,ATHN
AMES NATL CORP ATLO,ATLO
ATMI INC ATMI,ATMI
ATLANTIC TELE-NETWORK ATNI,ATNI
ATP OIL & GAS CORP ATPG,ATPG
ATRICURE INC ATRC,ATRC
ATRION CORP ATRI,ATRI
ASTRONICS CORP ATRO,ATRO
AIR TRANSPORT SERVICES ATSG,ATSG
ACTUANT CORP ATU,ATU
CROSS A T CO ATX,ATX
GOLDEN MINERALS CO AUMN,AUMN
AUXILIUM PHARMACEUTICAL AUXL,AUXL
AVISTA CORP AVA,AVA
AEROVIRONMENT INC AVAV,AVAV
AMERICAN VANGUARD CORP AVD,AVD
AVEO PHARMACEUTICALS IN AVEO,AVEO
AVID TECHNOLOGY INC AVID,AVID
AVI BIOPHARMA INC AVII,AVII
AVANIR PHARMACEUTICALS AVNR,AVNR
AVIAT NETWORKS INC AVNW,AVNW
AVATAR HOLDINGS INC AVTR,AVTR
AMERICAN STATES WATER C AWR,AWR
ABRAXAS PETE CORP AXAS,AXAS
ANIXTER INTERNATIONAL AXE,AXE
AMERICAN AXLE & MFG AXL,AXL
AXT INC AXTI,AXTI
ACUITY BRANDS INC AYI,AYI
AIRCASTLE LTD AYR,AYR
ASPEN TECHNOLOGY INC AZPN,AZPN
AZZ INC AZZ,AZZ
BARNES GROUP INC B,B
NATUS MEDICAL INC BABY,BABY
EINSTEIN NOAH REST GROU BAGL,BAGL
BALTIC TRADING LIMITED BALT,BALT
BANCFIRST CORP BANF,BANF
BANNER CORP BANRD,BANRD
BANCORP RHODE ISLAND IN BARI,BARI
BASIC ENERGY SERVICES BAS,BAS
BLACKBOARD INC BBBB,BBBB
BILL BARRETT CORP BBG,BBG
BIGBAND NETWORKS INC BBND,BBND
BRIDGE CAPITAL HOLDINGS BBNK,BBNK
BLACK BOX CORP BBOX,BBOX
BRAVO BRIO RESTAURANT G BBRG,BBRG
BARRETT BUSINESS SERVIC BBSI,BBSI
BUILD A BEAR WORKSHOP BBW,BBW
BRUNSWICK CORP BC,BC
BRINKS CO BCO,BCO
BALCHEM CORP BCPC,BCPC
BIOCRYST PHARMACEUTICAL BCRX,BCRX
BLUE COAT SYSTEMS INC BCSI,BCSI
BELDEN INC BDC,BDC
BLACK DIAMOND INC BDE,BDE
BRIDGE BANCORP INC BDGE,BDGE
CARDIONET INC BEAT,BEAT
BEBE STORES INC BEBE,BEBE
BEACON ROOFING SUPPLY BECN,BECN
STRATEGIC HOTEL & RESOR BEE,BEE
BEL FUSE INC BELFB,BELFB
BANKFINANCIAL CORP BFIN,BFIN
SAUL CENTERS INC BFS,BFS
BGC PARTNERS INC BGCP,BGCP
BIG 5 SPORTING GOODS BGFV,BGFV
BRIGGS & STRATTON CO BGG,BGG
BG MEDICINE INC BGMD,BGMD
B & G FOODS INC BGS,BGS
BIGLARI HOLDINGS INC BH,BH
BENCHMARK ELECTRONICS BHE,BHE
BERKSHIRE HILLS BANCORP BHLB,BHLB
SOTHEBYS BID,BID
BIOSCRIP INC BIOS,BIOS
ACTUATE CORP BIRT,BIRT
BJS RESTAURANTS INC BJRI,BJRI
BLACKROCK KELSO CAP COR BKCC,BKCC
BUCKLE INC BKE,BKE
BLACK HILLS CORP BKH,BKH
BUCKEYE TECHNOLOGIES IN BKI,BKI
BANK MUTUAL CORP BKMU,BKMU
BAKER MICHAEL CORP BKR,BKR
BARNES & NOBLE INC BKS,BKS
BANK KY FINL CORP BKYF,BKYF
BELO CORP BLC,BLC
BUILDERS FIRSTSOURCE IN BLDR,BLDR
BLACKBAUD INC BLKB,BLKB
BLOUNT INTERNATIONAL IN BLT,BLT
BIOLASE TECHNOLOGY INC BLTI,BLTI
IMMUCOR INC BLUD,BLUD
BANCO LATINOAMERICANO BLX,BLX
BADGER METER INC BMI,BMI
BIOMED REALTY TRUST INC BMR,BMR
BANK OF MARIN BANCORP BMRC,BMRC
BRYN MAWR BANK CORP BMTC,BMTC
BIOMIMETIC THERAPEUTICS BMTI,BMTI
BENEFICIAL MUTUAL INC BNCL,BNCL
BENIHANA INC BNHNA,BNHNA
BOB EVANS FARMS INC BOBE,BOBE
BODY CENTRAL CORP BODY,BODY
BOFI HLDG INC BOFI,BOFI
BACTERIN INTL HLDGS INC BONE,BONE
BON-TON STORES INC BONT,BONT
DYNAMIC MATERIALS CORP BOOM,BOOM
SEACUBE CONTAINER LEASI BOX,BOX
BIOSANTE PHARMACEUTICAL BPAX,BPAX
BOSTON PRIVATE FINANCIA BPFH,BPFH
BRIDGEPOINT ED INC BPI,BPI
BPZ RESOURCES INC BPZ,BPZ
BRADY CORP BRC,BRC
BROOKLINE BANCORP INC BRKL,BRKL
BROOKS AUTOMATION INC BRKS,BRKS
BIO-REFERENCE LABS INC BRLI,BRLI
BRISTOW GROUP INC BRS,BRS
BERRY PETROLEUM CO BRY,BRY
BROADSOFT INC BSFT,BSFT
SIERRA BANCORP BSRR,BSRR
BIOSPECIFICS TECHNO COR BSTC,BSTC
BLYTH INC BTH,BTH
BIOTIME INC BTX,BTX
FIRST BUSEY CORP BUSE,BUSE
BROADWIND ENERGY INC BWEN,BWEN
BALDWIN & LYONS INC BWINB,BWINB
BUFFALO WILD WINGS INC BWLD,BWLD
BROWN SHOE INC BWS,BWS
BANCORPSOUTH INC BXS,BXS
BOYD GAMING CORP BYD,BYD
BOISE INC BZ,BZ
BEAZER HOMES USA INC BZH,BZH
CABELAS INC CAB,CAB
CAMDEN NATIONAL CORP CAC,CAC
CASCADE BANCORP CACB,CACB
CREDIT ACCEP CORP MICH CACC,CACC
CACI INTERNATIONAL INC CACI,CACI
CADENCE PHARMACEUTICALS CADX,CADX
CAMAC ENERGY INC CAK,CAK
CHEESECAKE FACTORY INC CAKE,CAKE
CALLIDUS SOFTWARE INC CALD,CALD
CAL MAINE FOODS INC CALM,CALM
CALIPER LIFE SCIENCES CALP,CALP
CALIX INC CALX,CALX
CAI INTERNATIONAL INC CAP,CAP
AVIS BUDGET GROUP INC CAR,CAR
CASTLE A M & CO CAS,CAS
CASCADE CORP CASC,CASC
CASS INFORMATION SYSTEM CASS,CASS
CASEYS GENERAL STORES CASY,CASY
CARDTRONICS INC CATM,CATM
CATO CORP CATO,CATO
CATHAY GENERAL BANCORP CATY,CATY
CAVIUM INC CAVM,CAVM
CINCINNATI BELL INC CBB,CBB
CBEYOND INC CBEY,CBEY
CHRISTOPHER & BANKS COR CBK,CBK
CAPITAL BK CORP CBKN,CBKN
CBL & ASSOC PPTYS INC CBL,CBL
CLEVELAND BIOLABS INC CBLI,CBLI
CAMBREX CORP CBM,CBM
CAPE BANCORP INC CBNJ,CBNJ
CARIBOU COFFEE CO INC CBOU,CBOU
CIBER INC CBR,CBR
CRACKER BARREL STORE CBRL,CBRL
COLUMBIA LABORATORIES CBRX,CBRX
CUBIST PHARMACEUTICALS CBST,CBST
COMMUNITY BANK SYSTEMS CBU,CBU
CBIZ INC CBZ,CBZ
CAPITAL CITY BANK GROUP CCBG,CCBG
CALGON CARBON CORP CCC,CCC
CHASE CORP CCF,CCF
CAMPUS CREST CMNTYS INC CCG,CCG
COLEMAN CABLE INC CCIX,CCIX
CABOT MICROELECTRONICS CCMP,CCMP
CNB FINL CORP PA CCNE,CCNE
COGENT COMMUNICATIONS CCOI,CCOI
CROSS COUNTRY HEALTHCAR CCRN,CCRN
COEUR D ALENE MINES COR CDE,CDE
CDI CORP CDI,CDI
CEDAR SHOPPING CTRS INC CDR,CDR
CODEXIS INC CDXS,CDXS
CADIZ INC CDZI,CDZI
CEC ENTMT INC CEC,CEC
CENTRAL EUROPEAN DISTRI CEDC,CEDC
BRIGHTPOINT INC CELL,CELL
CENTRAL GARDEN & PET CO CENTA,CENTA
CENTURY ALUMINUM CO CENX,CENX
CERUS CORP CERS,CERS
CENTRAL EUROPEAN MEDIA CETV,CETV
CEVA INC CEVA,CEVA
CALIFORNIA FIRST NATL CFNB,CFNB
CARDINAL FINANCIAL CORP CFNL,CFNL
COLFAX CORP CFX,CFX
CELADON GROUP INC CGI,CGI
COGNEX CORP CGNX,CGNX
CONSOLIDATED GRAPHIC CGX,CGX
CITY HOLDING CO CHCO,CHCO
CHURCHILL DOWNS INC CHDN,CHDN
CHINDEX INTERNATIONAL CHDX,CHDX
CHEMED CORPORATION CHE,CHE
CHEMICAL FINANCIAL CORP CHFC,CHFC
CHARTER FINL CORP WEST CHFN,CHFN
CH ENERGY GROUP INC CHG,CHG
CHEROKEE INC CHKE,CHKE
CHEMTURA CORP CHMT,CHMT
CHARMING SHOPPES INC CHRS,CHRS
CHESAPEAKE LODGING TRUS CHSP,CHSP
CHELSEA THERAPEUTICS IN CHTP,CHTP
O CHARLEYS INC CHUX,CHUX
CITIZENS INC CIA,CIA
STAR SCIENTIFIC INC CIGX,CIGX
CIRCOR INTERNATIONAL IN CIR,CIR
COMPX INTERNATIONAL CIX,CIX
CHECKPOINT SYSTEMS INC CKP,CKP
CLARCOR INC CLC,CLC
CLOUD PEAK ENERGY INC CLD,CLD
CHATHAM LODGING TR CLDT,CLDT
CELLDEX THERAPEUTICS IN CLDX,CLDX
CENTER FINANCIAL CORP CLFC,CLFC
CLEAN HARBORS INC CLH,CLH
CALAMOS ASSET MGMT INC CLMS,CLMS
CLEAN ENERGY FUELS CORP CLNE,CLNE
COLONY FINANCIAL INC CLNY,CLNY
COLONIAL PROPERTIES TR CLP,CLP
TOWN SPORTS INTL CLUB,CLUB
CLEARWATER PAPER CORP CLW,CLW
COLUMBUS MCKINNON CORP CMCO,CMCO
CUMULUS MEDIA INC CMLS,CMLS
CANTEL MEDICAL CORP CMN,CMN
CAPSTEAD MORTGAGE CORP CMO,CMO
CASUAL MALE RETAIL GROU CMRG,CMRG
COMTECH TELECOMM CMTL,CMTL
CENTER BANCORP INC CNBC,CNBC
CENTURY BANCORP INC CNBKA,CNBKA
CENTENE CORP CNC,CNC
CINEMARK HOLDINGS INC CNK,CNK
CLECO CORP CNL,CNL
CONMED CORP CNMD,CNMD
CNO FINANCIAL GROUP CNO,CNO
CONCUR TECHNOLOGIES INC CNQR,CNQR
COHEN & STEERS INC CNS,CNS
CONSOLIDATED COMM CNSL,CNSL
CONTINUCARE CORP CNU,CNU
CONVIO INC CNVO,CNVO
COBIZ FINANCIAL INC COBZ,COBZ
CORINTHIAN COLLEGES INC COCO,COCO
SPANSION INC CODE,CODE
COMPASS DIVERSIFIED HLD CODI,CODI
COHERENT INC COHR,COHR
COHU INC COHU,COHU
COCA COLA BOTTLING COKE,COKE
COLUMBIA BKG SYSTEM INC COLB,COLB
COLUMBIA SPORTSWEAR CO COLM,COLM
CONNS INC CONN,CONN
CORESITE REALTY CORP COR,COR
CORE MARK HOLDING CO IN CORE,CORE
CORCEPT THERAPEUTICS IN CORT,CORT
COWEN GROUP INC COWN,COWN
CALLON PETROLEUM CO CPE,CPE
CENTRAL PACIFIC FINL CPF,CPF
CEPHEID INC CPHD,CPHD
CHESAPEAKE UTILITIES CPK,CPK
CALIFORNIA PIZZA KITCHE CPKI,CPKI
CAPELLA EDUCATION CO CPLA,CPLA
COMPUTER PROGRAMS & SYS CPSI,CPSI
CAPSTONE TURBINE CORP CPST,CPST
CONCEPTUS INC CPTS,CPTS
COST PLUS INC CPWM,CPWM
COMPLETE PRODUCTION SER CPX,CPX
CHIQUITA BRANDS INTL IN CQB,CQB
CRA INTERNATIONAL INC CRAI,CRAI
CRAY INC CRAY,CRAY
CRAWFORD & CO CRD.B,CRD.B
CERADYNE INC CRDN,CRDN
CARTER INC CRI,CRI
CURIS INC CRIS,CRIS
COMSTOCK RESOURCES INC CRK,CRK
AMERICAS CAR-MART INC CRMT,CRMT
CROCS INC CROX,CROX
COURIER CORP CRRC,CRRC
CORNERSTONE THERAPEUTIC CRTX,CRTX
CIRRUS LOGIC INC CRUS,CRUS
CORVEL CORP CRVL,CRVL
CROWN MEDIA HOLDINGS IN CRWN,CRWN
CRYOLIFE INC CRY,CRY
CARRIZO OIL & GAS INC CRZO,CRZO
COGDELL SPENCER INC CSA,CSA
CLIFTON SVGS BANCORP IN CSBK,CSBK
CENTERSTATE BANKS INC CSFL,CSFL
COSTAR GROUP INC CSGP,CSGP
CSG SYSTEMS INTL INC CSGS,CSGS
CASH AMERICA INTL INC CSH,CSH
CARDIOVASCULAR SYS INC CSII,CSII
CORNERSTONE ONDEMAND IN CSOD,CSOD
CSS INDUSTRIES INC CSS,CSS
COINSTAR INC CSTR,CSTR
CAPITAL SENIOR LIVING CSU,CSU
CAPITAL SOUTHWEST CORP CSWC,CSWC
COOPER TIRE & RUBBER CO CTB,CTB
COMMUNITY TRUST BANCORP CTBI,CTBI
CONSTANT CONTACT INC CTCT,CTCT
COMPUTER TASK GROUP INC CTGX,CTGX
CELL THERAPEUTICS INC CTIC,CTIC
CONSOLIDATED TOMOKA LAN CTO,CTO
CITI TRENDS INC CTRN,CTRN
CTS CORP CTS,CTS
CONNECTICUT WATER SVC CTWS,CTWS
CUBIC CORP CUB,CUB
COUSINS PROPERTIES INC CUZ,CUZ
CENTRAL VERMONT PUB SVC CV,CV
CVB FINANCIAL CORP CVBF,CVBF
CAVCO INDUSTRIES INC CVCO,CVCO
CONVERGYS CORP CVG,CVG
COMMERCIAL VEH GROUP IN CVGI,CVGI
CALAVO GROWERS INC CVGW,CVGW
CVR ENERGY INC CVI,CVI
COMMVAULT SYSTEMS INC CVLT,CVLT
CENVEO INC CVO,CVO
COVENANT TRANS GRP INC CVTI,CVTI
CURTISS WRIGHT CORP CW,CW
CONSOLIDATED WATER CO CWCO,CWCO
WILLIAMS CLAYTON ENERGY CWEI,CWEI
CASELLA WASTE SYSTEMS CWST,CWST
CALIFORNIA WTR SVC GRP CWT,CWT
COLDWATER CREEK INC CWTR,CWTR
CRIMSON EXPLORATION INC CXPO,CXPO
CREXUS INVESTMENT CORP CXS,CXS
CYBERONICS INC CYBX,CYBX
CYMER INC CYMI,CYMI
CYNOSURE INC CYNO,CYNO
CYPRESS SHARPRIDGE INV CYS,CYS
CYTORI THERAPEUTICS INC CYTX,CYTX
CITIZENS & NORTHERN COR CZNC,CZNC
DAKTRONICS INC DAKT,DAKT
DANA HOLDING CORP DAN,DAN
DARLING INTERNATIONAL DAR,DAR
DUCOMMUN INC DCO,DCO
DIME CMNTY BANCSHARES DCOM,DCOM
DCT INDUSTRIAL TRUST IN DCT,DCT
DELCATH SYS INC DCTH,DCTH
3D SYSTEMS CORP DDD,DDD
DDI CORP DDIC,DDIC
DELTIC TIMBER CORP DEL,DEL
DENNYS CORP DENN,DENN
DEPOMED INC DEPO,DEPO
DESTINATION MATERNITY DEST,DEST
DELPHI FINANCIAL GRP IN DFG,DFG
CIFC DEERFIELD CORP DFR,DFR
DUPONT FABROS TECHNOLOG DFT,DFT
BARRY R G CORP OHIO DFZ,DFZ
DIGITALGLOBE INC DGI,DGI
DONEGAL GROUP INC DGICA,DGICA
DIGI INTL INC DGII,DGII
DG FASTCHANNEL INC DGIT,DGIT
DIAMOND HILL INVESTMENT DHIL,DHIL
DHT HOLDINGS INC DHT,DHT
DICE HOLDINGS INC DHX,DHX
DINEEQUITY INC DIN,DIN
DIODES INC DIOD,DIOD
DELEK US HLDGS INC DK,DK
DELTA APPAREL INC DLA,DLA
DIALOGIC INC DLGC,DLGC
DOLLAR FINANCIAL CORP DLLR,DLLR
DELUXE CORP DLX,DLX
DOLAN COMPANY DM,DM
DEMANDTEC INC DMAN,DMAN
DEMAND MEDIA INC DMD,DMD
DIAMOND FOODS INC DMND,DMND
DIGIMARC CORPORATION DMRC,DMRC
DANVERS BANCORP INC DNBK,DNBK
DOLE FOOD CO INC DOLE,DOLE
DORMAN PRODUCTS INC DORM,DORM
DOMINOS PIZZA INC DPZ,DPZ
DYNAMICS RESEARCH CORP DRCO,DRCO
DIAMONDROCK HOSPITALITY DRH,DRH
DIGITAL RIVER INC DRIV,DRIV
DORAL FINANCIAL CORP DRL,DRL
DRIL-QUIP INC DRQ,DRQ
DURECT CORP DRRX,DRRX
DSP GROUP INC DSPG,DSPG
DOLLAR THRIFTY AUTO DTG,DTG
DTS INC DTSI,DTSI
DUFF & PHELPS CORP DUF,DUF
DUSA PHARMACEUTICALS IN DUSA,DUSA
DYNAVAX TECHNOLOGIES DVAX,DVAX
DYNAVOX INC DVOX,DVOX
CAL DIVE INTL INC DVR,DVR
DREW INDUSTRIES INC DW,DW
DAWSON GEOPHYSICAL CO DWSN,DWSN
DYNEX CAPITAL INC DX,DX
DEXCOM INC DXCM,DXCM
DXP ENTERPRISES INC NEW DXPE,DXPE
DYCOM INDUSTRIES INC DY,DY
DYAX CORP DYAX,DYAX
DYNEGY INC DYN,DYN
ENNIS INC EBF,EBF
EBIX INC EBIX,EBIX
EMERGENT BIOSOLUTIONS EBS,EBS
MERIDIAN INTERSTATE EBSB,EBSB
ENTERPRISE BANCORP INC EBTC,EBTC
ENCORE BANCSHARES INC EBTX,EBTX
ECHO GLOBAL LOGISTICS ECHO,ECHO
US ECOLOGY INC ECOL,ECOL
ENCORE CAPITAL GROUP IN ECPG,ECPG
ENDOCYTE INC ECYT,ECYT
EMPIRE DISTRICT ELECTRI EDE,EDE
EDUCATION REALTY TRUST EDR,EDR
EL PASO ELECTRIC CO EE,EE
EURONET WORLDWIDE INC EEFT,EEFT
EDELMAN FINANCIAL GROUP EF,EF
ELECTRONICS FOR IMAGING EFII,EFII
ENTERPRISE FINL SERVICE EFSC,EFSC
EAGLE BANCORP INC EGBN,EGBN
8X8 INC NEW EGHT,EGHT
EAGLE BULK SHIPPING INC EGLE,EGLE
NIC INC EGOV,EGOV
EASTGROUP PROPERTIES IN EGP,EGP
VAALCO ENERGY INC EGY,EGY
EHEALTH INC EHTH,EHTH
EMPLOYERS HOLDINGS INC EIG,EIG
EASTMAN KODAK CO EK,EK
ENDOLOGIX INC ELGX,ELGX
ELLIE MAE INC ELLI,ELLI
EMS TECHNOLOGIES INC ELMG,ELMG
EARTHLINK INC ELNK,ELNK
ECHELON CORP ELON,ELON
ELECTRO RENT CORP ELRC,ELRC
EQUITY LIFESTYLE PROP ELS,ELS
EMULEX CORP ELX,ELX
CALLAWAY GOLF CO ELY,ELY
EMAGIN CORP EMAN,EMAN
EMC INS GROUP INC EMCI,EMCI
EMCOR GROUP INC EME,EME
EMCORE CORP EMKR,EMKR
ENDEAVOUR INTERNATIONAL END,END
ENERNOC INC ENOC,ENOC
ENERSYS INC ENS,ENS
ENSIGN GROUP INC ENSG,ENSG
ENTEGRIS INC ENTG,ENTG
ENTROPIC COMMUNICATIONS ENTR,ENTR
ENVESTNET INC ENV,ENV
ENZO BIOCHEM INC ENZ,ENZ
ENZON PHARMACEUTICALS ENZN,ENZN
AMBASSADORS GROUP INC EPAX,EPAX
BOTTOMLINE TECHNOLOGIES EPAY,EPAY
EPOCH HOLDING CORP EPHC,EPHC
EPIQ SYSTEMS INC EPIQ,EPIQ
ENERGY PARTNERS LTD EPL,EPL
EVOLUTION PETROLEUM COR EPM,EPM
EPOCRATES INC EPOC,EPOC
ENTERTAINMENT PPTYS TR EPR,EPR
EQUITY ONE INC EQY,EQY
ENERGY RECOVERY INC ERII,ERII
ERESEARCHTECHNOLOGY INC ERT,ERT
ENERGYSOLUTIONS INC ES,ES
ESB FINANCIAL CORP ESBF,ESBF
EMERITUS CORP ESC,ESC
ESCO TECHNOLOGIES INC ESE,ESE
ENSTAR GROUP LIMITED ESGR,ESGR
ELECTRO SCIENTIFIC INDS ESIO,ESIO
ESTERLINE TECHNOLOGIES ESL,ESL
ESSA BANCORP INC ESSA,ESSA
ESSEX RENT CORP ESSX,ESSX
ETHAN ALLEN INTERIORS ETH,ETH
ENTERCOM COMMUNICATIONS ETM,ETM
ENTRAVISION COMM EVC,EVC
EVERCORE PARTNERS EVR,EVR
EXACTECH INC EXAC,EXAC
EXAMWORKS GROUP INC EXAM,EXAM
EXAR CORP EXAR,EXAR
EXACT SCIENCES CORP EXAS,EXAS
CORPORATE EXECUTIVE EXBD,EXBD
EXELIXIS INC EXEL,EXEL
EXTERRAN HOLDINGS INC EXH,EXH
EXCEL TR INC EXL,EXL
EXLSERVICE HOLDINGS INC EXLS,EXLS
EXCEL MARITIME CARRIERS EXM,EXM
EAGLE MATERIALS INC EXP,EXP
EXPONENT INC EXPO,EXPO
EXPRESS INC EXPR,EXPR
EXTRA SPACE STORAGE INC EXR,EXR
EXTREME NETWORKS INC EXTR,EXTR
ENERGY XXI (BERMUDA) LT EXXI,EXXI
EZCORP INC EZPW,EZPW
FIRST AMERICAN FINL COR FAF,FAF
FALCONSTOR SOFTWARE FALC,FALC
FARMER BROS CO FARM,FARM
FARO TECHNOLOGIES INC FARO,FARO
FLAGSTAR BANCORP INC FBC,FBC
FBR & CO FBCM,FBCM
FURNITURE BRANDS INTL FBN,FBN
FIRST BANCORP NC FBNC,FBNC
FRANKLIN COVEY CO FC,FC
FIRST CMNTY BANCSHAR FCBC,FCBC
FUELCELL ENERGY INC FCEL,FCEL
FIRST COMMONWLTH FINL FCF,FCF
FIRST CASH FINANCIAL FCFS,FCFS
FELCOR LODGING TRUST IN FCH,FCH
FTI CONSULTING INC FCN,FCN
FIRST DEFIANCE FINANCIA FDEF,FDEF
FRESH DEL MONTE PRODUCE FDP,FDP
FEI CO FEIC,FEIC
FRANKLIN ELECTRIC CO FELE,FELE
FUTUREFUEL CORPORATION FF,FF
FIRST FINANCIAL BANCORP FFBC,FFBC
FIRST FINANCIAL HOLDING FFCH,FFCH
FBL FINANCIAL GROUP INC FFG,FFG
FLUSHING FINANCIAL CORP FFIC,FFIC
FIRST FINL BANKSHARES FFIN,FFIN
FRIENDFINDER NETWORKS FFN,FFN
FEMALE HEALTH CO FHCO,FHCO
FIRST INTST BANCSYSTEM FIBK,FIBK
FAIR ISAAC CORP FICO,FICO
FINISH LINE INC FINL,FINL
SOURCEFIRE INC FIRE,FIRE
FINANCIAL INSTNS INC FISI,FISI
COMFORT SYSTEMS USA INC FIX,FIX
NATIONAL BEVERAGE CORP FIZZ,FIZZ
FLUIDIGM CORP FLDM,FLDM
FIRST LONG ISLAND CORP FLIC,FLIC
FLOW INTL CORP FLOW,FLOW
1-800 FLOWERS COM FLWS,FLWS
FIRST MIDWEST BANCORP FMBI,FMBI
FIRST MARBLEHEAD CORP FMD,FMD
FIRSTMERIT CORP FMER,FMER
FABRINET FN,FN
FNB CORP FNB,FNB
FINANCIAL ENGINES INC FNGN,FNGN
FIRST BANCORP INC FNLC,FNLC
FINISAR CORP FNSR,FNSR
FERRO CORP FOE,FOE
AMICUS THERAPEUTICS INC FOLD,FOLD
FORESTAR GROUP INC FOR,FOR
FORMFACTOR INC FORM,FORM
FORRESTER RESEARCH INC FORR,FORR
FPIC INSURANCE GROUP IN FPIC,FPIC
FIRST POTOMAC REALTY TR FPO,FPO
FIRST PACTRUST BANCORP FPTB,FPTB
FIRST INDUSTRIAL RLTY T FR,FR
FREDS INC FRED,FRED
FORTEGRA FINANCIAL CORP FRF,FRF
FURMANITE CORP FRM,FRM
FIRST MERCHANTS CORP FRME,FRME
FRANKLIN FINL CORP VA FRNK,FRNK
FRONTLINE LTD FRO,FRO
FAIRPOINT COMMUNICATION FRP,FRP
FORCE PROTECTION INC FRPT,FRPT
FIFTH STREET FINANCE FSC,FSC
FISHER COMMUNICATIONS FSCI,FSCI
FSI INTL INC FSII,FSII
FRANKLIN STREET PPTYS C FSP,FSP
FLAGSTONE REINSURANCE FSR,FSR
FEDERAL SIGNAL CORP FSS,FSS
FOSTER L B CO FSTR,FSTR
FUEL SYSTEMS SOLUTIONS FSYS,FSYS
FUEL TECH INC FTEK,FTEK
FLOTEK INDS INC DEL FTK,FTK
1ST UNITED BANCORP INC FUBC,FUBC
FULLER H B CO FUL,FUL
WINTHROP REALTY TRUST FUR,FUR
FURIEX PHARMACEUTICALS FURX,FURX
FIVE STAR QUALITY CARE FVE,FVE
FORWARD AIR CORP FWRD,FWRD
FOX CHASE BANCORP FXCB,FXCB
FXCM INC FXCM,FXCM
FX ENERGY INC FXEN,FXEN
GERMAN AMERICAN BANCORP GABC,GABC
GLADSTONE INVESTMENT GAIN,GAIN
NICOR INC GAS,GAS
GREATBATCH INC GB,GB
GLACIER BANCORP INC GBCI,GBCI
GOLUB CAP BDC INC GBDC,GBDC
GAMCO INVESTORS INC GBL,GBL
GLOBAL INDEMNITY PLC GBLI,GBLI
GREENBRIER COMPANIES IN GBX,GBX
GLOBAL CASH ACCESS INC GCA,GCA
GAIN CAPITAL HLDNGS INC GCAP,GCAP
GENESCO INC GCO,GCO
GLOBECOMM SYSTEMS INC GCOM,GCOM
GOODRICH PETROLEUM CORP GDP,GDP
GEO GROUP INC GEO,GEO
GEORESOURCES INC GEOI,GEOI
GEOEYE INC GEOY,GEOY
GERON CORP GERN,GERN
GAYLORD ENTMT CO GET,GET
GEVO INC GEVO,GEVO
GRIFFON CORP GFF,GFF
GFI GROUP INC GFIG,GFIG
GEORGIA GULF CORP GGC,GGC
GLOBAL GEOPHYSICAL SVCS GGS,GGS
GENOMIC HEALTH INC GHDX,GHDX
GRAHAM CORP GHM,GHM
GULF ISLAND FABRICATION GIFI,GIFI
G-III APPAREL GROUP LTD GIII,GIII
GEEKNET INC GKNT,GKNT
G&K SERVICES INC GKSR,GKSR
GLADSTONE CAPITAL CORP GLAD,GLAD
GLOBAL CROSSING LTD GLBC,GLBC
GLOBAL INDUSTRIES LTD GLBL,GLBL
GLEACHER & COMPANY INC GLCH,GLCH
GREAT LAKES DREDGE & DO GLDD,GLDD
GULFMARK OFFSHORE INC GLF,GLF
GOLAR LNG LTD BERMUDA GLNG,GLNG
GLOBAL POWER EQUIPMENT GLPW,GLPW
GREENLIGHT CAPITAL RE L GLRE,GLRE
GLATFELTER GLT,GLT
GLU MOBILE INC GLUU,GLUU
GORDMANS STORES INC GMAN,GMAN
GENERAL MOLY INC GMO,GMO
GENERAL MARITIME CORP GMR,GMR
GMX RESOURCES INC GMXR,GMXR
GNC HLDGS INC GNC,GNC
GENERAL COMMUNICATION GNCMA,GNCMA
GLOBAL TRAFFIC NETWORK GNET,GNET
GENCO SHIPPING & TRADIN GNK,GNK
COMPLETE GENOMICS INC GNOM,GNOM
GENERAC HOLDINGS INC GNRC,GNRC
GEOKINETICS INC GOK,GOK
GLADSTONE COMMERCIAL GOOD,GOOD
GOLD RESOURCE CORP GORO,GORO
GOVERNMENT PPTY INCOME GOV,GOV
GROUP 1 AUTOMOTIVE INC GPI,GPI
GRAPHIC PACKAGING HLDG GPK,GPK
GULFPORT ENERGY CORP GPOR,GPOR
GREEN PLAINS RENEWABLE GPRE,GPRE
GP STRATEGIES CORP GPX,GPX
GERBER SCIENTIFIC INC GRB,GRB
GORMAN RUPP CO GRC,GRC
GRIFFIN LAND & NURSERIE GRIF,GRIF
GRAHAM PACKAGING CO INC GRM,GRM
GLIMCHER REALTY TRUST GRT,GRT
GLOBALSTAR INC GSAT,GSAT
GREAT SOUTHERN BANCORP GSBC,GSBC
GSI GROUP INC CDA NEW GSIG,GSIG
GSI TECHNOLOGY GSIT,GSIT
GLOBE SPECIALTY METALS GSM,GSM
GLOBAL SOURCES LTD GSOL,GSOL
GOLDEN STAR RES LTD CDA GSS,GSS
GASTAR EXPL LTD GST,GST
GENTIVA HEALTH SERVICES GTIV,GTIV
CHART INDUSTRIES INC GTLS,GTLS
GRAY TELEVISION INC GTN,GTN
TRIPLE-S MANAGEMENT COR GTS,GTS
GTX INC GTXI,GTXI
GETTY REALTY CORP GTY,GTY
GUIDANCE SOFTWARE INC GUID,GUID
GRANITE CONSTR INC GVA,GVA
GENESEE & WYOMING INC GWR,GWR
GENCORP INC GY,GY
HAWAIIAN HOLDINGS INC HA,HA
HAEMONETICS CORP HAE,HAE
HANMI FINANCIAL CORP HAFC,HAFC
HAIN CELESTIAL GROUP HAIN,HAIN
HALLMARK FINL SVCS INC HALL,HALL
HALOZYME THERAPEUTICS HALO,HALO
HAYNES INTERNATIONAL IN HAYN,HAYN
HANCOCK HOLDING CO HBHC,HBHC
HARVARD BIOSCIENCE INC HBIO,HBIO
HERITAGE CRYL CLEAN INC HCCI,HCCI
HACKETT GROUP INC HCKT,HCKT
HEALTHCARE SVCS GRP INC HCSG,HCSG
HYPERDYNAMICS CORP HDY,HDY
H&E EQUIPMENT SERVICES HEES,HEES
HEICO CORP HEI,HEI
HECKMANN CORP HEK,HEK
HELEN OF TROY LTD HELE,HELE
HERCULES OFFSHORE INC HERO,HERO
ENER1 INC HEV,HEV
HFF INC HF,HF
HERITAGE FINANCIAL CORP HFWA,HFWA
HHGREGG INC HGG,HGG
HARLEYSVILLE GROUP INC HGIC,HGIC
HANGER ORTHOPEDIC GROUP HGR,HGR
HUDSON HIGHLAND GROUP HHGP,HHGP
HARTE HANKS INC HHS,HHS
HILLENBRAND INC HI,HI
HIBBETT SPORTS INC HIBB,HIBB
HILL INTERNATIONAL INC HIL,HIL
DOT HILL SYS CORP HILL,HILL
HI-TECH PHARMACAL CO IN HITK,HITK
HITTITE MICROWAVE CORP HITT,HITT
HIGHWOODS PROPERTIES IN HIW,HIW
HECLA MINING CO HL,HL
HARMONIC INC HLIT,HLIT
HEALTHSOUTH CORP HLS,HLS
HELIX ENERGY SOLUTIONS HLX,HLX
HOME PROPERTIES INC HME,HME
HORACE MANN EDUCATORS HMN,HMN
HAMPTON ROADS BANKSHARE HMPR,HMPR
HMS HOLDINGS CORP HMSY,HMSY
HANDY & HARMAN HLDGS LT HNH,HNH
HNI CORPORATION HNI,HNI
HARVEST NATURAL RES HNR,HNR
HALLADOR ENERGY CO HNRG,HNRG
HANSEN MEDICAL INC HNSN,HNSN
HOME BANCSHARES INC HOMB,HOMB
HOME FEDERAL BANCORP HOME,HOME
CRAFT BREWERS ALLIANCE HOOK,HOOK
HORNBECK OFFSHORE SVCS HOS,HOS
HOT TOPIC INC HOTT,HOTT
HOVNANIAN ENTERPRISES HOV,HOV
HUDSON PAC PPTYS INC HPP,HPP
HEARTLAND PAYMENT SYS HPY,HPY
HEALTHCARE REALTY TRUST HR,HR
HARBINGER GROUP INC HRG,HRG
HEALTHSPRING INC HS,HS
HEIDRICK & STRUGGLES HSII,HSII
HSN INC HSNI,HSNI
HEALTHSTREAM INC HSTM,HSTM
HERSHA HOSPITALITY TRUS HT,HT
HERITAGE COMMERCE CORP HTBK,HTBK
HICKORY TECH CORP HTCO,HTCO
HERCULES TECHNOLOGY GR HTGC,HTGC
HILLTOP HOLDINGS INC HTH,HTH
HEARTLAND EXPRESS INC HTLD,HTLD
HEARTLAND FINANCIAL USA HTLF,HTLF
HATTERAS FINL CORP HTS,HTS
HEARTWARE INTL INC HTWR,HTWR
HUB GROUP INC HUBG,HUBG
HURCO COMPANIES INC HURC,HURC
HURON CONSULTING GROUP HURN,HURN
HOUSTON AMERICAN ENERGY HUSA,HUSA
HUDSON VALLEY HOLDING HUVL,HUVL
HAVERTY FURNITURE INC HVT,HVT
HEADWATERS INC HW,HW
HEALTHWAYS INC HWAY,HWAY
HOUSTON WIRE & CABLE HWCC,HWCC
HAWKINS INC HWKN,HWKN
HEXCEL CORP HXL,HXL
HYPERCOM CORP HYC,HYC
MARINEMAX INC HZO,HZO
INTEGRA LIFESCIENCES IART,IART
INTERLINE BRANDS INC IBI,IBI
IBERIABANK CORP IBKC,IBKC
INTERNATIONAL BANCSHARE IBOC,IBOC
ICF INTERNATIONAL INC ICFI,ICFI
ICG GROUP INC ICGE,ICGE
INTERCLICK INC ICLK,ICLK
ICO GLOBAL COMM HLDGS ICOG,ICOG
ICONIX BRAND GROUP INC ICON,ICON
ICU MEDICAL INC ICUI,ICUI
L-1 IDENTITY SOLUTIONS ID,ID
IDACORP INC IDA,IDA
INTERDIGITAL INC IDCC,IDCC
IDENIX PHARMACEUTICALS IDIX,IDIX
IDT CORP IDT,IDT
INTEGRATED DEVICE TECH IDTI,IDTI
INTERFACE INC IFSIA,IFSIA
IMPERIAL HOLDINGS INC IFT,IFT
IGATE CORP IGTE,IGTE
INDEPENDENCE HOLDING CO IHC,IHC
INSTEEL INDUSTRIES INC IIIN,IIIN
INTERVAL LEISURE GRP IN IILG,IILG
II VI INC IIVI,IIVI
INTRALINKS HLDGS INC IL,IL
IMMUNOGEN INC IMGN,IMGN
INGLES MARKETS INC IMKTA,IMKTA
IMMERSION CORP IMMR,IMMR
IMMUNOMEDICS INC IMMU,IMMU
IMATION CORP IMN,IMN
INTERMEC INC IN,IN
INTERNAP NETWORK SVCS C INAP,INAP
INCYTE CORP INCY,INCY
INDEPENDENT BANK MA INDB,INDB
INFINITY PHARMACEUTICAL INFI,INFI
INFINERA CORP INFN,INFN
INHIBITEX INC INHX,INHX
INTERACTIVE INTELLIGENC ININ,ININ
SUMMIT HOTEL PROPER INN,INN
INSMED INC INSM,INSM
INFOSPACE INC INSP,INSP
INSITUFORM TECHNOLOGIES INSU,INSU
WORLD FUEL SVCS CORP INT,INT
INTL FCSTONE INC INTL,INTL
INTERSECTIONS INC INTX,INTX
IDENTIVE GROUP INC INVE,INVE
INNERWORKINGS INC INWK,INWK
ION GEOPHYSICAL CORP IO,IO
INNOSPEC INC IOSP,IOSP
INTER PARFUMS INC IPAR,IPAR
INFINITY PPTY & CAS COR IPCC,IPCC
IPC THE HOSPITALIST CO IPCM,IPCM
INPHI CORP IPHI,IPHI
INNOPHOS HOLDINGS INC IPHS,IPHS
IMPERIAL SUGAR CO IPSU,IPSU
IMPAX LABORATORIES INC IPXL,IPXL
IROBOT CORP IRBT,IRBT
INLAND REAL ESTATE CORP IRC,IRC
IRIDIUM COMMUNICATIONS IRDM,IRDM
INVESTORS REAL ESTATE T IRET,IRET
IRIS INTERNATIONAL INC IRIS,IRIS
IRONWOOD PHARMACEUTICAL IRWD,IRWD
INVESTORS BANCORP INC ISBC,ISBC
INTERNATIONAL SPEEDWAY ISCA,ISCA
INTL SHIPHOLDING CORP ISH,ISH
ISIS PHARMACEUTICALS ISIS,ISIS
ISLE OF CAPRI CASINOS ISLE,ISLE
ISRAMCO INC ISRL,ISRL
INTEGRATED SILICON S ISSI,ISSI
ISTA PHARMACEUTICALS IN ISTA,ISTA
INTEGRAL SYSTEMS INC ISYS,ISYS
INVESTMENT TECHNOLOGY ITG,ITG
INTERMUNE INC ITMN,ITMN
INTEVAC INC IVAC,IVAC
INVACARE CORP IVC,IVC
INVESCO MORTGAGE CAP IVR,IVR
IXYS CORP IXYS,IXYS
JACK IN THE BOX INC JACK,JACK
JAGUAR MNG INC JAG,JAG
JAKKS PACIFIC INC JAKK,JAKK
JAZZ PHARMACEUTICALS IN JAZZ,JAZZ
JETBLUE AIRWAYS CORP JBLU,JBLU
JOHN BEAN TECH CORP JBT,JBT
J2 GLOBAL COMMUNICATION JCOM,JCOM
COMMUNICATIONS SYSTEMS JCS,JCS
JDA SOFTWARE GROUP INC JDAS,JDAS
J & J SNACK FOODS CO JJSF,JJSF
HENRY JACK & ASSOCIATES JKHY,JKHY
JAMBA INC JMBA,JMBA
JMP GROUP INC JMP,JMP
THE JONES GROUP INC JNY,JNY
JOS A BANK CLOTHIERS IN JOSB,JOSB
JOHNSON OUTDOORS INC JOUT,JOUT
JAMES RIVER COAL CO JRCC,JRCC
JOURNAL COMMUNICATIONS JRN,JRN
KADANT INC KAI,KAI
KAISER ALUMINUM CORP KALU,KALU
KAMAN CORP KAMN,KAMN
KIMBALL INTERNATIONAL KBALB,KBALB
KB HOME KBH,KBH
KBW INC KBW,KBW
KOHLBERG CAPITAL CORP KCAP,KCAP
KNIGHT CAPITAL GROUP IN KCG,KCG
KANSAS CITY LIFE INS CO KCLI,KCLI
COLE KENNETH PRODTNS KCP,KCP
KAYDON CORP KDN,KDN
KEY ENERGY SERVICES INC KEG,KEG
KELLY SERVICES INC KELYA,KELYA
KEMET CORP KEM,KEM
KERYX BIOPHARMACEUTICAL KERX,KERX
KEYNOTE SYSTEMS INC KEYN,KEYN
KEYW HOLDING CORP KEYW,KEYW
KFORCE INC KFRC,KFRC
KORN FERRY INTERNATIONA KFY,KFY
KIRKLANDS INC KIRK,KIRK
KIT DIGITAL INC KITD,KITD
KRISPY KREME DOUGHNUTS KKD,KKD
KULICKE & SOFFA INDS KLIC,KLIC
KMG CHEMICALS INC KMGB,KMGB
KINDRED HEALTHCARE INC KND,KND
KENDLE INTERNATIONAL IN KNDL,KNDL
KNOLL INC KNL,KNL
KNOLOGY INC KNOL,KNOL
KNOT INC KNOT,KNOT
KENSEY NASH CORP KNSY,KNSY
KNIGHT TRANSPORTATION KNX,KNX
KENEXA CORP KNXA,KNXA
KODIAK OIL & GAS CORP KOG,KOG
KOPPERS HOLDINGS INC KOP,KOP
KOPIN CORP KOPN,KOPN
KRATON PERF POLYMERS KRA,KRA
KILROY REALTY CORP KRC,KRC
KITE REALTY GROUP TRUST KRG,KRG
KEARNY FINANCIAL CORP KRNY,KRNY
KAPSTONE PAPER & PACKAG KS,KS
K-SWISS INC KSWS,KSWS
KRATOS DEFENSE & SEC SO KTOS,KTOS
K V PHARMACEUTICAL CO KV.A,KV.A
KVH INDUSTRIES INC KVHI,KVHI
KENNEDY-WILSON HLDGS IN KW,KW
QUAKER CHEMICAL CORP KWR,KWR
MULTI COLOR CORP LABL,LABL
LITHIA MOTORS INC LAD,LAD
LANCASTER COLONY CORP LANC,LANC
MAGMA DESIGN AUTOMATION LAVA,LAVA
LAWSON PRODUCTS INC LAWS,LAWS
LAYNE CHRISTENSEN CO LAYN,LAYN
LABARGE INC LB,LB
LAKELAND BANCORP INC LBAI,LBAI
LIBBEY INC LBY,LBY
U S AIRWAYS GROUP INC LCC,LCC
LANNETT CO INC LCI,LCI
LECROY CORP LCRY,LCRY
LIFETIME BRANDS INC LCUT,LCUT
LYDALL INC LDL,LDL
LANDAUER INC LDR,LDR
LEAP WIRELESS INTL INC LEAP,LEAP
LEAPFROG ENTERPRISES IN LF,LF
LITTELFUSE INC LFUS,LFUS
LACLEDE GROUP INC LG,LG
LIONS GATE ENTMNT CORP LGF,LGF
LIGAND PHARMACEUTICALS LGND,LGND
LHC GROUP INC LHCG,LHCG
LASALLE HOTEL PROPERTIE LHO,LHO
LINCOLN EDUCATIONAL SVS LINC,LINC
LIONBRIDGE TECHNOLOGIES LIOX,LIOX
LIZ CLAIBORNE INC LIZ,LIZ
LAKELAND FINANCIAL CORP LKFN,LKFN
LUMBER LIQUIDATORS HLDG LL,LL
L & L ENERGY INC LLEN,LLEN
LIMELIGHT NETWORKS INC LLNW,LLNW
LMI AEROSPACE INC LMIA,LMIA
LIMONEIRA CO LMNR,LMNR
LUMINEX CORP LMNX,LMNX
SNYDER'S-LANCE INC LNCE,LNCE
LANDEC CORP LNDC,LNDC
CHENIERE ENERGY INC LNG,LNG
LINDSAY CORP LNN,LNN
LOGMEIN INC LOGM,LOGM
LOOPNET INC LOOP,LOOP
GRAND CANYON EDUCATION LOPE,LOPE
LORAL SPACE & COMM LORL,LORL
LIVEPERSON INC LPSN,LPSN
LOUISIANA PACIFIC CORP LPX,LPX
LIQUIDITY SERVICES INC LQDT,LQDT
K12 INC LRN,LRN
LATTICE SEMICONDUCTOR LSCC,LSCC
CAPLEASE INC LSE,LSE
LTC PROPERTIES INC LTC,LTC
LIFE TIME FITNESS INC LTM,LTM
LADENBURG THALMAN FIN LTS,LTS
LTX-CREDENCE CORP LTXC,LTXC
LUBYS INC LUB,LUB
LUFKIN INDUSTRIES INC LUFK,LUFK
STEINWAY MUSICAL INS LVB,LVB
LIFEWAY FOODS INC LWAY,LWAY
LAWSON SOFTWARE INC LWSN,LWSN
LEXINGTON REALTY TRUST LXP,LXP
LEXICON PHARMACEUTICALS LXRX,LXRX
LSB INDUSTRIES INC LXU,LXU
LSI INDUSTRIES INC LYTS,LYTS
LIVE NATION ENT INC LYV,LYV
LA Z BOY INC LZB,LZB
MID-AMER APT CMNTYS MAA,MAA
MAIN STREET CAPITAL COR MAIN,MAIN
MAKO SURGICAL CORP MAKO,MAKO
MANHATTAN ASSOCS INC MANH,MANH
MANTECH INTERNATIONAL MANT,MANT
MAP PHARMACEUTICALS INC MAPP,MAPP
MASIMO CORPORATION MASI,MASI
MATTHEWS INTERNATIONAL MATW,MATW
MAXYGEN INC MAXY,MAXY
MB FINANCIAL INC MBFI,MBFI
METABOLIX INC MBLX,MBLX
MERCHANTS BANCSHARES MBVT,MBVT
MEDLEY CAPITAL CORP MCC,MCC
CONTANGO OIL & GAS CO MCF,MCF
MCG CAPITAL CORP MCGC,MCGC
MARCHEX INC MCHX,MCHX
MONARCH CASINO & RESORT MCRI,MCRI
MICREL INC MCRL,MCRL
MARCUS CORP MCS,MCS
MEDASSETS INC MDAS,MDAS
MDC HOLDINGS INC MDC,MDC
MDC CORP MDCA,MDCA
MEDICAL ACTION INDS INC MDCI,MDCI
MEDICINES CO MDCO,MDCO
METROPOLITAN HEALTH NET MDF,MDF
MEDIAMIND TECH INC MDMD,MDMD
MEREDITH CORP MDP,MDP
MEDIDATA SOLUTIONS INC MDSO,MDSO
MEDCATH CORP MDTH,MDTH
MEDIVATION INC MDVN,MDVN
MIDWAY GOLD CORP MDW,MDW
METALICO INC MEA,MEA
MEASUREMENT SPECIALTIES MEAS,MEAS
MEDIFAST INC MED,MED
MEDQUIST HLDGS INC MEDH,MEDH
METHODE ELECTRS INC MEI,MEI
MENTOR GRAPHICS CORP MENT,MENT
MERU NETWORKS INC MERU,MERU
METRO BANCORP INC METR,METR
MF GLOBAL HOLDINGS LTD MF,MF
MFA FINANCIAL INC MFA,MFA
MAIDENFORM BRANDS INC MFB,MFB
MULTI-FINELINE ELECTRON MFLX,MFLX
M & F WORLDWIDE CORP MFW,MFW
MISTRAS GROUP INC MG,MG
MULTIMEDIA GAMES HLD CO MGAM,MGAM
MGE ENERGY INC MGEE,MGEE
MONEYGRAM INTERNATIONAL MGI,MGI
MAGELLAN HEALTH SVCS IN MGLN,MGLN
MGP INGREDIENTS INC MGPI,MGPI
MCGRATH RENTCORP MGRC,MGRC
MORGANS HOTEL GROUP CO MHGC,MHGC
MAIDEN HOLDINGS LTD MHLD,MHLD
M/I HOMES INC MHO,MHO
MAGNUM HUNTER RES CORP MHR,MHR
MIDDLEBY CORP MIDD,MIDD
MEADOWBROOK INS GROUP MIG,MIG
MILLER ENERGY RES INC MILL,MILL
MITCHAM INDUSTRIES INC MIND,MIND
MOBILE MINI INC MINI,MINI
MIPS TECHNOLOGIES INC MIPS,MIPS
MICROMET INC MITI,MITI
MKS INSTRUMENTS INC MKSI,MKSI
RESPONSYS INC MKTG,MKTG
MARKETAXESS HOLDINGS IN MKTX,MKTX
HERMAN MILLER INC MLHR,MLHR
MUELLER INDUSTRIES INC MLI,MLI
MODUSLINK GLB SOLUTIONS MLNK,MLNK
MILLER INDUSTRIES INC MLR,MLR
MCMORAN EXPLORATION CO MMR,MMR
MAXIMUS INC MMS,MMS
MERIT MED SYSTEMS INC MMSI,MMSI
MCCLATCHY CO MNI,MNI
MANNKIND CORP MNKD,MNKD
MONMOUTH REAL ESTATE MNR,MNR
MONRO MUFFLER BRAKE INC MNRO,MNRO
MOMENTA PHARMACEUTICALS MNTA,MNTA
MODINE MANUFACTURING CO MOD,MOD
MOOG INC MOG.A,MOG.A
MOLINA HEALTHCARE INC MOH,MOH
MOSYS INC MOSY,MOSY
MOTRICITY INC MOTR,MOTR
MOVADO GROUP INC MOV,MOV
MOVE INC MOVE,MOVE
MOTORCAR PTS AMERICA IN MPAA,MPAA
MPG OFFICE TRUST INC MPG,MPG
MET-PRO CORP MPR,MPR
MEDICAL PROPERTIES TRUS MPW,MPW
MONOLITHIC POWER SYSTEM MPWR,MPWR
MARINE PRODUCTS CORP MPX,MPX
MERCURY COMPUTER SYSTEM MRCY,MRCY
MERGE HEALTHCARE INC MRGE,MRGE
MONTPELIER RE HOLDINGS MRH,MRH
MARLIN BUSINESS SVCS MRLN,MRLN
MARTEN TRANS LTD MRTN,MRTN
MEDICIS PHARMACEUTICAL MRX,MRX
MINE SAFETY APPLIANCES MSA,MSA
MICROSEMI CORP MSCC,MSCC
MIDDLESEX WATER CO MSEX,MSEX
MAINSOURCE FINANCIAL GR MSFG,MSFG
MIDSOUTH BANCORP INC MSL,MSL
MARTHA STEWART LIVING MSO,MSO
MINDSPEED TECHNOLOGIES MSPD,MSPD
MCCORMICK & SCHMICKS MSSR,MSSR
MICROSTRATEGY INC MSTR,MSTR
MISSION WEST PROPERTIES MSW,MSW
MGIC INVESTMENT CORP MTG,MTG
MERITAGE HOMES CORP MTH,MTH
VAIL RESORTS INC MTN,MTN
MERITOR INC MTOR,MTOR
MEDTOX SCIENTIFIC INC MTOX,MTOX
MATERION CORPORATION MTRN,MTRN
MATRIX SERVICE CO MTRX,MTRX
MTS SYSTEMS CORP MTSC,MTSC
MINERALS TECHNOLOGIES MTX,MTX
MASTEC INC MTZ,MTZ
METALS USA HLDGS CORP MUSA,MUSA
MVC CAPITAL INC MVC,MVC
MICROVISION INC DEL MVIS,MVIS
MENS WEARHOUSE INC MW,MW
MUELLER WTR PRODS INC MWA,MWA
MWI VETERINARY SUPPLY MWIV,MWIV
MAXLINEAR INC MXL,MXL
MAXWELL TECHNOLOGIES IN MXWL,MXWL
MYERS INDUSTRIES INC MYE,MYE
MYR GROUP INC DEL MYRG,MYRG
NETSUITE INC N,N
NABI BIOPHARMACEUTICALS NABI,NABI
NASH FINCH CO NAFC,NAFC
NANOMETRICS INC NANO,NANO
NARA BANCORP INC NARA,NARA
NORDIC AMERICAN TANKER NAT,NAT
NATIONAL INTERSTATE COR NATL,NATL
NATURES SUNSHINE PRODS NATR,NATR
NATIONAL AMERN UNIV NAUH,NAUH
NAVIGATORS GROUP INC NAVG,NAVG
NEUROCRINE BIOSCIENCES NBIX,NBIX
NEOSTEM INC NBS,NBS
NBT BANCORP INC NBTB,NBTB
NACCO INDUSTRIES INC NC,NC
NAVIGANT CONSULTING INC NCI,NCI
NCI INC NCIT,NCIT
NATIONAL CINEMEDIA INC NCMI,NCMI
NCI BUILDING SYSTEMS IN NCS,NCS
NEWCASTLE INVT CORP NCT,NCT
99 CENTS ONLY STORES NDN,NDN
NEOGEN CORP NEOG,NEOG
NEOPROBE CORP NEOP,NEOP
NETLOGIC MICROSYSTEMS NETL,NETL
NEWMARKET CORPORATION NEU,NEU
NEWPORT CORP NEWP,NEWP
NEWSTAR FINANCIAL INC NEWS,NEWS
NORTHFIELD BANCORP INC NFBK,NFBK
NATIONAL FINL PARTNERS NFP,NFP
NGP CAPITAL RESOURCES NGPC,NGPC
NATURAL GAS SERVICES GR NGS,NGS
NATIONAL HEALTHCARE COR NHC,NHC
NATIONAL HEALTH INVS IN NHI,NHI
NICHOLAS FINANCIAL INC NICK,NICK
BLUE NILE INC NILE,NILE
NEW JERSEY RESOURCES NJR,NJR
NATIONAL BANKSHARES INC NKSH,NKSH
NEKTAR THERAPEUTICS NKTR,NKTR
NL INDUSTRIES INC NL,NL
NEW MTN FIN CORP NMFC,NMFC
NUMEREX CORP NMRX,NMRX
NN INC NNBR,NNBR
NELNET INC NNI,NNI
NATIONAL RETAIL PPTYS NNN,NNN
NORTHERN OIL & GAS INC NOG,NOG
NORANDA ALUM HLDG CORP NOR,NOR
NEENAH PAPER INC NP,NP
NATIONAL PENN BANCSHARE NPBC,NPBC
NATIONAL PRESTO INDS IN NPK,NPK
ENPRO INDUSTRIES INC NPO,NPO
NPS PHARMACEUTICALS INC NPSP,NPSP
NEOPHOTONICS CORP NPTN,NPTN
NEWPARK RESOURCES INC NR,NR
NATIONAL RESEARCH CORP NRCI,NRCI
NORTHSTAR REALTY FINANC NRF,NRF
INSIGHT ENTERPRISES INC NSIT,NSIT
INSPERITY INC NSP,NSP
NESS TECHNOLOGIES INC NSTC,NSTC
NETSCOUT SYSTEMS INC NTCT,NTCT
NETGEAR INC NTGR,NTGR
NTELOS HOLDINGS CORP NTLS,NTLS
NUTRI SYSTEM INC NTRI,NTRI
NETSPEND HOLDINGS INC NTSP,NTSP
NU SKIN ENTERPRISES NUS,NUS
NUTRACEUTICAL INTL CORP NUTR,NUTR
NUVASIVE INC NUVA,NUVA
NOVAVAX INC NVAX,NVAX
NVE CORP NVEC,NVEC
NOVATEL WIRELESS INC NVTL,NVTL
NORTHWEST BANCSHARES IN NWBI,NWBI
NORTHWESTERN CORP NWE,NWE
NATIONAL WESTRN LIFE IN NWLI,NWLI
NORTHWEST NATURAL GAS C NWN,NWN
NORTHWEST PIPE CO NWPX,NWPX
NEW YORK & CO INC NWY,NWY
QUANEX BUILDING PRODUCT NX,NX
NEXSTAR BROADCASTING GR NXST,NXST
NXSTAGE MEDICAL INC NXTM,NXTM
NYMOX PHARMACEUTICAL NYMX,NYMX
NEW YORK TIMES CO NYT,NYT
OMNIAMERICAN BANCORP IN OABC,OABC
OASIS PETE INC OAS,OAS
ONEBEACON INSURANCE GRP OB,OB
OCEANFIRST FINANCIAL OCFC,OCFC
OCLARO INC OCLR,OCLR
OCWEN FINANCIAL CORP OCN,OCN
OCZ TECHNOLOGY GROUP IN OCZ,OCZ
OIL DRI CORP OF AMERICA ODC,ODC
OLD DOMINION FREIGHT ODFL,ODFL
OFFICE DEPOT INC ODP,ODP
ORIENT-EXPRESS HOTELS OEH,OEH
ORIENTAL FINANCIAL GROU OFG,OFG
ORTHOFIX INTL N V OFIX,OFIX
OMEGA FLEX INC OFLX,OFLX
ONCOGENEX PHARMAS INC OGXI,OGXI
OMEGA HEALTHCARE INVS OHI,OHI
SOUTHWEST BANCORP INC O OKSB,OKSB
OLIN CORP OLN,OLN
ONE LIBERTY PROPERTIES OLP,OLP
OMNICELL INC OMCL,OMCL
OMEGA PROTEIN CORP OME,OME
ODYSSEY MARINE EXPLOR OMEX,OMEX
OM GROUP INC OMG,OMG
OWENS & MINOR INC OMI,OMI
OMNOVA SOLUTIONS INC OMN,OMN
OBAGI MEDICAL PROD INC OMPI,OMPI
OFFICEMAX INC OMX,OMX
OLD NATIONAL BANCORP ONB,ONB
HIGHER ONE HLDGS INC ONE,ONE
ONCOTHYREON INC ONTY,ONTY
ONYX PHARMACEUTICALS IN ONXX,ONXX
OPENTABLE INC OPEN,OPEN
OPKO HEALTH INC OPK,OPK
OPLINK COMMUNICATIONS OPLK,OPLK
OPNET TECHNOLOGIES INC OPNT,OPNT
OPTIMER PHARMA INC OPTR,OPTR
OPENWAVE SYSTEMS INC OPWV,OPWV
OPNEXT INC OPXT,OPXT
OPPENHEIMER HOLDINGS IN OPY,OPY
ORMAT TECHNOLOGIES INC ORA,ORA
ORBITAL SCIENCES CORP ORB,ORB
ORBCOMM INC ORBC,ORBC
OREXIGEN THERAPEUTICS OREX,OREX
ORITANI FINANCIAL CORP ORIT,ORIT
ORION MARINE GROUP INC ORN,ORN
ORRSTOWN FINL SVCS INC ORRF,ORRF
OVERSEAS SHIPHOLDNG GRP OSG,OSG
OSIRIS THERAPEUTICS OSIR,OSIR
OSI SYSTEMS INC OSIS,OSIS
OVERSTOCK COM INC OSTK,OSTK
ORASURE TECHNOLOGIES IN OSUR,OSUR
OTTER TAIL CORP OTTR,OTTR
OUTDOOR CHANNEL HLDGS OUTD,OUTD
OMNIVISION TECHNOLOGIES OVTI,OVTI
ORBITZ WORLDWIDE INC OWW,OWW
OXFORD INDUSTRIES INC OXM,OXM
OPTIONSXPRESS HOLDINGS OXPS,OXPS
OYO GEOSPACE CORP OYOG,OYOG
BANK OF THE OZARKS INC OZRK,OZRK
PACIFIC BIOSCIENCES CA PACB,PACB
PACER INTERNATIONAL INC PACR,PACR
PACWEST BANCORP PACW,PACW
PAETEC HOLDING CORP PAET,PAET
PENSKE AUTOMOTIVE GROUP PAG,PAG
UNIVERSAL DISPLAY CORP PANL,PANL
PATRIOT TRANSPORTATION PATR,PATR
PRESTIGE BRANDS HOLDING PBH,PBH
PROVIDENT NY BANCORP PBNY,PBNY
PEP BOYS MANNY MOE&J PBY,PBY
PACIFIC CAPITAL BANCORP PCBC,PCBC
PACIFIC CONTINENTAL COR PCBK,PCBK
P C CONNECTION PCCC,PCCC
POTLATCH CORP PCH,PCH
PACIRA PHARMACEUTICALS PCRX,PCRX
PATRIOT COAL CORP PCX,PCX
PHARMACYCLICS INC PCYC,PCYC
PIONEER DRILLING CO PDC,PDC
PDF SOLUTIONS INC PDFS,PDFS
PDL BIOPHARMA INC PDLI,PDLI
PEBBLEBROOK HOTEL TRUST PEB,PEB
PEOPLES BANCORP INC PEBO,PEBO
PEETS COFFEE & TEA INC PEET,PEET
PEGASYSTEMS INC PEGA,PEGA
PENNSYLVANIA REAL ESTAT PEI,PEI
ELLIS PERRY INTL INC PERY,PERY
PETROLEUM DEV CORP PETD,PETD
PETMED EXPRESS INC PETS,PETS
P F CHANGS CHINA BISTRO PFCB,PFCB
PROVIDENT FINANCIAL SVC PFS,PFS
PREMIERE GLOBAL SERVICE PGI,PGI
PROGENICS PHARMACEUTICA PGNX,PGNX
PHH CORPORATION PHH,PHH
PHI INC PHIIK,PHIIK
PANHANDLE OIL AND GAS PHX,PHX
PICO HOLDINGS INC PICO,PICO
PIKE ELECTRIC CORP PIKE,PIKE
PHARMATHENE INC PIP,PIP
PIER 1 IMPORTS INC PIR,PIR
PIPER JAFFRAY COMPANIES PJC,PJC
PARKER DRILLING CO PKD,PKD
PARK ELECTROCHEMICAL PKE,PKE
PARK OHIO HOLDINGS CORP PKOH,PKOH
PROCERA NETWORKS INC PKT,PKT
PARKWAY PROPERTIES INC PKY,PKY
PHOTRONICS INC PLAB,PLAB
CHILDRENS PLACE RETAIL PLCE,PLCE
PRESIDENTIAL LIFE CORP PLFE,PLFE
DOUGLAS DYNAMICS INC PLOW,PLOW
PREFORMED LINE PRODUCTS PLPC,PLPC
PLANTRONICS INC PLT,PLT
EPLUS INC PLUS,PLUS
PLEXUS CORP PLXS,PLXS
PLX TECHNOLOGY INC PLXT,PLXT
PHARMERICA CORP PMC,PMC
PMFG INC PMFG,PMFG
PMI GROUP INC PMI,PMI
PENNYMAC MORTGAGE INV PMT,PMT
PARAMETRIC TECHNOLOGY PMTC,PMTC
PALOMAR MEDICAL TECH PMTI,PMTI
PINNACLE FINANCIAL PNFP,PNFP
PINNACLE ENTMT INC PNK,PNK
PNM RESOURCES INC PNM,PNM
PENNANTPARK INVT CORP PNNT,PNNT
PENNICHUCK CORP PNNW,PNNW
PHOENIX COMPANIES INC PNX,PNX
PIEDMONT NAT GAS INC PNY,PNY
INSULET CORP PODD,PODD
POLYONE CORP POL,POL
POOL CORP POOL,POOL
PORTLAND GEN ELEC CO POR,POR
POWER INTEGRATIONS INC POWI,POWI
POWELL INDUSTRIES INC POWL,POWL
POWERSECURE INTL INC POWR,POWR
POZEN INC POZN,POZN
PILGRIMS PRIDE CORP NEW PPC,PPC
PRE PAID LEGAL SERVICES PPD,PPD
PEREGRINE PHARMA INC PPHM,PPHM
POST PROPERTIES INC PPS,PPS
PETROQUEST ENERGY INC PQ,PQ
PROASSURANCE CORP PRA,PRA
PORTFOLIO RECOVERY ASSO PRAA,PRAA
PERFICIENT INC PRFT,PRFT
PROGRESS SOFTWARE CORP PRGS,PRGS
PRGX GLOBAL INC PRGX,PRGX
PRIMERICA INC PRI,PRI
PRIMORIS SVCS CORP PRIM,PRIM
PARK NATIONAL CORP PRK,PRK
PRIMEDIA INC PRM,PRM
PRIMO WATER CORP PRMW,PRMW
PROS HOLDINGS INC PRO,PRO
DELTEK INC PROJ,PROJ
PRIMUS GUARANTY LTD PRS,PRS
PROVIDENCE SERVICE CORP PRSC,PRSC
PROSPERITY BANCSHARES PRSP,PRSP
US AUTO PARTS NETWRK IN PRTS,PRTS
PAR PHARMACEUTICAL COS PRX,PRX
PAREXEL INTERNATIONAL PRXL,PRXL
PS BUSINESS PARKS INC PSB,PSB
PROSPECT CAPITAL CORP PSEC,PSEC
PERICOM SEMICONDUCTOR PSEM,PSEM
PRICESMART INC PSMT,PSMT
COLLECTIVE BRANDS INC PSS,PSS
PSS WORLD MEDICAL INC PSSI,PSSI
PARK STERLING CORP PSTB,PSTB
PACIFIC SUNWEAR OF CALI PSUN,PSUN
PAIN THERAPEUTICS IN PTIE,PTIE
PLATINUM UNDERWRITER HL PTP,PTP
PANTRY INC PTRY,PTRY
PERNIX THERAPEUTICS HLD PTX,PTX
PULSE ELECTRONICS CORP PULS,PULS
PENN VIRGINIA CORP PVA,PVA
PRIVATEBANCORP INC PVTB,PVTB
POWERWAVE TECHNOLOGIES PWAV,PWAV
POWER-ONE INC PWER,PWER
PENNS WOODS BANCORP INC PWOD,PWOD
PARAMOUNT GOLD & SILVER PZG,PZG
PZENA INVESTMENT MGMT PZN,PZN
PAPA JOHNS INTERNATIONA PZZA,PZZA
QAD INC QADA,QADA
QUESTCOR PHARM INC QCOR,QCOR
QUIDEL CORP QDEL,QDEL
QLIK TECHNOLOGIES INC QLIK,QLIK
QUALITY DISTRIBUTION IN QLTY,QLTY
QUINSTREET INC QNST,QNST
QUEPASA CORP QPSA,QPSA
QUEST SOFTWARE INC QSFT,QSFT
QUALITY SYSTEMS INC QSII,QSII
QUANTUM CORP QTM,QTM
QUAD / GRAPHICS INC QUAD,QUAD
RAILAMERICA INC RA,RA
RITE AID CORP RAD,RAD
RADIANT SYSTEMS INC RADS,RADS
FREIGHTCAR AMERICA INC RAIL,RAIL
RAIT FINANCIAL TRUST RAS,RAS
RAVEN INDUSTRIES INC RAVN,RAVN
REPUBLIC BANCORP INC KY RBCAA,RBCAA
RUBICON TECHNOLOGY INC RBCN,RBCN
ROBBINS & MYERS INC RBN,RBN
RENT A CENTER INC RCII,RCII
ROCKVILLE FINL INC RCKB,RCKB
ARDEA BIOSCIENCES INC RDEA,RDEA
ELIZABETH ARDEN INC RDEN,RDEN
RUDDICK CORP RDK,RDK
RADIAN GROUP INC RDN,RDN
RADNET INC RDNT,RDNT
RESOURCES CONNECTION RECN,RECN
RICHARDSON ELECTRONICS RELL,RELL
RESOLUTE ENERGY CORP REN,REN
RENTRAK CORP RENT,RENT
REVLON INC REV,REV
REX AMERICAN RESOURCES REX,REX
REX ENERGY CORP REXX,REXX
RF MICRODEVICES INC RFMD,RFMD
STURM RUGER & CO INC RGR,RGR
REGIS CORP RGS,RGS
RIGEL PHARMACEUTICALS RIGL,RIGL
RIMAGE CORP RIMG,RIMG
REPUBLIC AIRWAYS HLD RJET,RJET
REALD INC RLD,RLD
RED LION HOTELS CORP RLH,RLH
RLI CORP RLI,RLI
RLJ LODGING TR RLJ,RLJ
REACHLOCAL INC RLOC,RLOC
RENAISSANCE LEARNING IN RLRN,RLRN
RAMBUS INC RMBS,RMBS
ROCKWELL MEDICAL TECH RMTI,RMTI
RIGNET INC RNET,RNET
RIGHTNOW TECHNOLOGIES RNOW,RNOW
RENASANT CORP RNST,RNST
REALNETWORKS INC RNWK,RNWK
GIBRALTAR INDUSTRIES IN ROCK,ROCK
ROGERS CORP ROG,ROG
RETAIL OPPORTUNITY INVT ROIC,ROIC
ROLLINS INC ROL,ROL
RBC BEARINGS INC ROLL,ROLL
ROMA FINANCIAL CORP ROMA,ROMA
ROSETTA RESOURCES INC ROSE,ROSE
REALPAGE INC RP,RP
RAMCO-GERSHENSON PPTYS RPT,RPT
RAPTOR PHARMACEUTICAL RPTP,RPTP
RPX CORP RPXC,RPXC
RED ROBIN GOURMET BURGE RRGB,RRGB
RSC HOLDINGS INC RRR,RRR
ROADRUNNER TRNSN SVCS RRTS,RRTS
RESOURCE CAPITAL CORP RSO,RSO
ROSETTA STONE INC RST,RST
ROFIN SINAR TECHNOLOGIE RSTI,RSTI
RADISYS CORP RSYS,RSYS
RUBY TUESDAY INC RT,RT
RUDOLPH TECHNOLOGIES IN RTEC,RTEC
RTI INTERNATIONAL METAL RTI,RTI
RTI BIOLOGICS INC RTIX,RTIX
RENTECH INC RTK,RTK
RUE21 INC RUE,RUE
RURAL/METRO CORP RURL,RURL
RUSH ENTERPRISES INC RUSHA,RUSHA
RUTH'S HOSPITALITY GROU RUTH,RUTH
REVETT MINERALS INC RVM,RVM
REDWOOD TRUST INC RWT,RWT
RYLAND GROUP INC RYL,RYL
INCONTACT INC SAAS,SAAS
SABA SOFTWARE INC SABA,SABA
SANDERSON FARMS INC SAFM,SAFM
SAFETY INSURANCE GRP IN SAFT,SAFT
SONIC AUTOMOTIVE INC SAH,SAH
SAIA INC SAIA,SAIA
BOSTON BEER INC SAM,SAM
SANMINA SCI CORP SANM,SANM
SAPIENT CORP SAPE,SAPE
SANDY SPRING BANCORP SASR,SASR
SATCON TECHNOLOGY CORP SATC,SATC
SPIRIT AIRLS INC SAVE,SAVE
SEACOAST BANKING CORP F SBCF,SBCF
SINCLAIR BROADCAST GROU SBGI,SBGI
STERLING BANCSHARES SBIB,SBIB
SIGNATURE BANK SBNY,SBNY
SABRA HEALTH CARE REIT SBRA,SBRA
SOUTHSIDE BANCSHARES IN SBSI,SBSI
SEABRIGHT HOLDINGS INC SBX,SBX
SCBT FINANCIAL CORP SCBT,SCBT
SCHOLASTIC CORP SCHL,SCHL
SCHOOL SPECIALTY INC SCHS,SCHS
STEPAN CO SCL,SCL
SCICLONE PHARMACEUTICAL SCLN,SCLN
SUCAMPO PHARMA SCMP,SCMP
SYCAMORE NETWORKS INC SCMR,SCMR
COMSCORE INC SCOR,SCOR
STEELCASE INC SCS,SCS
SCANSOURCE INC SCSC,SCSC
SELECT COMFORT CORP SCSS,SCSS
SHOE CARNIVAL INC SCVL,SCVL
SEACHANGE INTERNATIONAL SEAC,SEAC
SEABOARD CORP SEB,SEB
SPARTECH CORP SEH,SEH
SELECT MEDICAL HOLDINGS SEM,SEM
SEMGROUP CORP SEMG,SEMG
SENECA FOODS CORP SENEA,SENEA
STIFEL FINANCIAL CORP SF,SF
SAFEGUARD SCIENTIFICS SFE,SFE
ISTAR FINANCIAL INC SFI,SFI
SHIP FINANCE INTL SFL,SFL
SHUTTERFLY INC SFLY,SFLY
SFN GROUP INC SFN,SFN
SIMMONS FIRST NATIONAL SFNC,SFNC
SUCCESSFACTORS INC SFSF,SFSF
SWIFT ENERGY CO SFY,SFY
SAGA COMMUNICATIONS INC SGA,SGA
SEATTLE GENETICS INC SGEN,SGEN
SILICON GRAPHICS INTL SGI,SGI
SCHAWK INC SGK,SGK
SANGAMO BIOSCIENCES INC SGMO,SGMO
SCIENTIFIC GAMES CORP SGMS,SGMS
SAGENT PHARMACEUTICALS SGNT,SGNT
STREAM GLOBAL SVCS INC SGS,SGS
STONE ENERGY CORP SGY,SGY
SHENANDOAH TELECOMM CO SHEN,SHEN
SHUFFLE MASTER INC SHFL,SHFL
SCHULMAN A INC SHLM,SHLM
SHILOH INDUSTRIES INC SHLO,SHLO
SUNSTONE HOTEL INVS INC SHO,SHO
MADDEN STEVEN LTD SHOO,SHOO
SHORETEL INC SHOR,SHOR
SAUER-DANFOSS INC SHS,SHS
SIGA TECHNOLOGIES INC SIGA,SIGA
SELECTIVE INSURANCE GRP SIGI,SIGI
SIGMA DESIGNS INC SIGM,SIGM
SILICON IMAGE INC SIMG,SIMG
SVB FINANCIAL GROUP SIVB,SIVB
SIX FLAGS ENTMT CORP NE SIX,SIX
SOUTH JERSEY INDUSTRIES SJI,SJI
SJW CORP SJW,SJW
SKILLED HEALTHCARE GROU SKH,SKH
SAKS INC SKS,SKS
TANGER FACTORY OUTLET SKT,SKT
SKECHERS U S A INC SKX,SKX
SKYLINE CORP SKY,SKY
SKYWEST INC SKYW,SKYW
SOLAR CAPITAL LTD SLRC,SLRC
SOLTA MEDICAL INC SLTM,SLTM
SALIX PHARMACEUTICALS SLXP,SLXP
SYMMETRY MEDICAL INC SMA,SMA
SMART BALANCE INC SMBL,SMBL
SUPER MICRO COMPUTER IN SMCI,SMCI
SMART MODULAR TECH SMOD,SMOD
STANDARD MOTOR PRODUCTS SMP,SMP
STEIN MART INC SMRT,SMRT
STANDARD MICROSYSTEM SMSC,SMSC
SMITH MICRO SOFTWARE IN SMSI,SMSI
SEMTECH CORP SMTC,SMTC
SUN BANCORP INC NJ SNBC,SNBC
SYNCHRONOSS TECHNOLOGY SNCR,SNCR
SUN HYDRAULICS CORP SNHY,SNHY
SENOMYX INC SNMX,SNMX
SUNESIS PHARMACEUTICALS SNSS,SNSS
SYNTA PHARMA CORP SNTA,SNTA
SANTARUS INC SNTS,SNTS
SYNNEX CORP SNX,SNX
GT SOLAR INTERNATIONAL SOLR,SOLR
SONIC CORP SONC,SONC
S1 CORPORATION SONE,SONE
SONOSITE INC SONO,SONO
SONUS NETWORKS INC SONS,SONS
SPARTAN MOTORS INC SPAR,SPAR
SPECTRUM BRANDS HOLDING SPB,SPB
STANDARD PACIFIC CORP SPF,SPF
SPECTRANETICS CORP SPNC,SPNC
SPECTRUM PHARMACEUTICAL SPPI,SPPI
SUPPORT.COM INC SPRT,SPRT
SPS COMM INC SPSC,SPSC
SPARTAN STORES INC SPTN,SPTN
SCIQUEST INC NEW SQI,SQI
SEQUENOM INC SQNM,SQNM
1ST SOURCE CORP SRCE,SRCE
SURMODICS INC SRDX,SRDX
SERVICESOURCE INTL LLC SREV,SREV
STONERIDGE INC SRI,SRI
SRS LABS INC SRSL,SRSL
SRA INTERNATIONAL INC SRX,SRX
SUNRISE SENIOR LIVING SRZ,SRZ
SIMPSON MANUFACTURING SSD,SSD
STAGE STORES INC SSI,SSI
SS&C TECHNOLOGIES HLDGS SSNC,SSNC
SCRIPPS E W CO SSP,SSP
SOVRAN SELF STORAGE SSS,SSS
STRATASYS INC SSYS,SSYS
STAAR SURGICAL CO STAA,STAA
STAG INDL INC STAG,STAG
STANDARD PARKING CORP STAN,STAN
S & T BANCORP INC STBA,STBA
STATE BANCORP INC STBC,STBC
STATE BK FINL CORP STBZ,STBZ
STEWART INFORMATION STC,STC
STERIS CORP STE,STE
STEC INC STEC,STEC
STEWART ENTERPRISES STEI,STEI
STELLARONE CORP STEL,STEL
STATE AUTO FINANCIAL STFC,STFC
STERLING BANCORP STL,STL
STAMPS COM INC STMP,STMP
SCORPIO TANKERS INC STNG,STNG
STEINER LEISURE LTD STNR,STNR
STRAYER EDUCATION INC STRA,STRA
STR HOLDINGS INC STRI,STRI
STERLING CONSTRUCTION C STRL,STRL
STERLING FINL CORP WASH STSA,STSA
STARWOOD PPTY TRUST INC STWD,STWD
STEREOTAXIS INC STXS,STXS
SUFFOLK BANCORP SUBK,SUBK
SUN COMMUNITIES INC SUI,SUI
SUMMER INFANT INC SUMR,SUMR
SUN HEALTHCARE GROUP IN SUNH,SUNH
SOLAR SENIOR CAP LTD SUNS,SUNS
SUPERIOR INDUSTRIES INT SUP,SUP
SUPERGEN INC SUPG,SUPG
SUPERTEX INC SUPX,SUPX
SYNERGETICS USA INC SURG,SURG
SUREWEST COMMUNICATIONS SURW,SURW
SUSQUEHANNA BANCSHARES SUSQ,SUSQ
SUSSER HOLDINGS CORP SUSS,SUSS
SAVIENT PHARMACEUTICALS SVNT,SVNT
SAVVIS INC SVVS,SVVS
STILLWATER MINING CO SWC,SWC
SWIFT TRANSN CO SWFT,SWFT
SMITH & WESSON HOLDING SWHC,SWHC
SOLARWINDS INC SWI,SWI
SCHWEITZER-MAUDUIT INTL SWM,SWM
SWS GROUP INC SWS,SWS
SWISHER HYGIENE INC SWSH,SWSH
SOUTHWEST GAS CORP SWX,SWX
STANDEX INTERNATIONAL SXI,SXI
SENSIENT TECHNOLOGIES SXT,SXT
SYMETRA FINANCIAL CORP SYA,SYA
S Y BANCORP INC SYBT,SYBT
SYKES ENTERPRISES INC SYKE,SYKE
SYMMETRICOM INC SYMM,SYMM
SYMS CORP SYMS,SYMS
SYNAPTICS INC SYNA,SYNA
SYNTROLEUM CORP SYNM,SYNM
SYNOVIS LIFE TECH INC SYNO,SYNO
SYNTEL INC SYNT,SYNT
SYNUTRA INTL INC SYUT,SYUT
SYSTEMAX INC SYX,SYX
SOLAZYME INC SZYM,SZYM
TAL INTERNATIONAL GROUP TAL,TAL
TASER INTL INC TASR,TASR
CARROLS RESTAURANT GRP TAST,TAST
MEDALLION FINANCIAL COR TAXI,TAXI
TAYLOR CAPITAL GROUP IN TAYC,TAYC
BANCORP INC TBBK,TBBK
TRUEBLUE INC TBI,TBI
TIMBERLAND CO TBL,TBL
TERRITORIAL BANCORP INC TBNK,TBNK
THOMPSON CREEK METALS TC,TC
TRIANGLE CAPITAL CORP TCAP,TCAP
TEXAS CAPITAL BANCSHARE TCBI,TCBI
TRICO BANCSHARES TCBK,TCBK
THL CR INC TCRD,TCRD
TELEDYNE TECHNOLOGIES TDY,TDY
TECUMSEH PRODS CO TECUA,TECUA
TENNECO INC TEN,TEN
TESCO CORP TESO,TESO
FRESH MARKET INC TFM,TFM
TREDEGAR CORP TG,TG
TEXTAINER GROUP HLDGS TGH,TGH
TRIUMPH GROUP INC TGI,TGI
FIRST FINANCIAL CORP THFF,THFF
THQ INC THQI,THQI
THERMON GROUP HLDGS INC THR,THR
THERAVANCE INC THRX,THRX
TREEHOUSE FOODS INC THS,THS
TICC CAPITAL CORP TICC,TICC
HARRIS & HARRIS GROUP TINY,TINY
TEAM INC TISI,TISI
TITAN MACHINERY INC TITN,TITN
TIVO INC TIVO,TIVO
TEKELEC TKLC,TKLC
TALBOTS INC TLB,TLB
TALEO CORP TLEO,TLEO
TEAM HEALTH HOLDINGS IN TMH,TMH
TOMPKINS FINANCIAL CORP TMP,TMP
TMS INTL CORP TMS,TMS
TELENAV INC TNAV,TNAV
TENNANT CO TNC,TNC
NEUTRAL TANDEM INC TNDM,TNDM
TEEKAY TANKERS LTD TNK,TNK
TNS INC TNS,TNS
TOWER BANCORP INC TOBC,TOBC
TOWNEBANK PORTSMOUTH VA TOWN,TOWN
TOWER INTERNATIONAL INC TOWR,TOWR
TUTOR PERINI CORP TPC,TPC
TPC GROUP INC TPCG,TPCG
TRIANGLE PETE CORP TPLM,TPLM
TRIQUINT SEMICONDUCTOR TQNT,TQNT
TOOTSIE ROLL INDUSTRIES TR,TR
DEALERTRACK HOLDINGS IN TRAK,TRAK
TEJON RANCH CO TRC,TRC
TRANSCEND SERVICES INC TRCR,TRCR
TREX INC TREX,TREX
TARGA RESOURCES INC TRGP,TRGP
TARGACEPT INC TRGT,TRGT
SPEEDWAY MOTORSPORTS IN TRK,TRK
TRUE RELIGION APPAREL TRLG,TRLG
TRUSTMARK CORP TRMK,TRMK
TERRENO REALTY CORP TRNO,TRNO
TORNIER N V TRNX,TRNX
TRC COS INC TRR,TRR
TRIMAS CORP TRS,TRS
TRUSTCO BANK CORP NY TRST,TRST
TRANSCEPT PHARM INC TSPT,TSPT
TESSERA TECHNOLOGIES IN TSRA,TSRA
TRIUS THERAPEUTICS INC TSRX,TSRX
TELECOMMUNICATION SYSTE TSYS,TSYS
TELETECH HOLDINGS INC TTEC,TTEC
TETRA TECH INC TTEK,TTEK
TECHTARGET INC TTGT,TTGT
TETRA TECHNOLOGIES INC TTI,TTI
TTM TECHNOLOGIES INC TTMI,TTMI
TAKE-TWO INTERACTIVE TTWO,TTWO
MAC-GRAY CORP TUC,TUC
TUESDAY MORNING CORP TUES,TUES
LIN TV CORP TVL,TVL
TOWERSTREAM CORP TWER,TWER
TOWER GROUP INC TWGP,TWGP
TITAN INTERNATIONAL INC TWI,TWI
TWIN DISC INC TWIN,TWIN
TWO HBRS INVT CORP TWO,TWO
TEXAS INDUSTRIES INC TXI,TXI
TEXAS ROADHOUSE INC TXRH,TXRH
TYLER TECHNOLOGIES INC TYL,TYL
MONOTYPE IMAGING HLDG TYPE,TYPE
TRAVELZOO INC TZOO,TZOO
UNIVERSAL TRUCKLOAD SVC UACL,UACL
UNIVERSAL AMERICAN CORP UAM,UAM
URSTADT BIDDLE PPTYS IN UBA,UBA
UNITED FINANCIAL BANCOR UBNK,UBNK
UNION FIRST MARKET BKSH UBSH,UBSH
UNITED BANKSHARES INC UBSI,UBSI
UNITED COMMUNITY BANKS UCBID,UCBID
ULTRA CLEAN HOLDINGS IN UCTT,UCTT
UNION DRILLING INC UDRL,UDRL
URANIUM ENERGY CORP UEC,UEC
UNIVERSAL ELECTRONICS UEIC,UEIC
UNITED FIRE & CAS CO UFCS,UFCS
UNIFI INC UFI,UFI
UNIVERSAL FOREST PRODS UFPI,UFPI
AMERCO UHAL,UHAL
UNIVERSAL HEALTH REALTY UHT,UHT
UIL HOLDINGS CORP UIL,UIL
UNISYS CORP UIS,UIS
ULTIMATE SOFTWARE GROUP ULTI,ULTI
ULTRAPETROL BAHAMAS LTD ULTR,ULTR
UMB FINANCIAL CORP UMBF,UMBF
UMH PROPERTIES INC UMH,UMH
UMPQUA HOLDINGS CORP UMPQ,UMPQ
UNIFIRST CORP MASS UNF,UNF
UNITED NATURAL FOODS IN UNFI,UNFI
UNILIFE CORP NEW UNIS,UNIS
UNISOURCE ENERGY CORP UNS,UNS
UNITED ONLINE INC UNTD,UNTD
UNITEK GLOBAL SVCS INC UNTK,UNTK
UROPLASTY INC UPI,UPI
UR ENERGY INC URG,URG
UNITED RENTALS INC URI,URI
URANIUM RES INC URRE,URRE
URANERZ ENERGY CORP URZ,URZ
UNIVERSAL STAINLESS & A USAP,USAP
U S ENERGY CORP USEG,USEG
U S G CORP USG,USG
UNITED STATES LIME & MI USLM,USLM
USA MOBILITY INC USMO,USMO
USANA HEALTH SCIENCES USNA,USNA
U S PHYSICAL THERAPY IN USPH,USPH
UNITED STATIONERS INC USTR,USTR
USEC INC USU,USU
ULTRATECH INC UTEK,UTEK
UNIVERSAL TECHNICAL INS UTI,UTI
UNITIL CORP UTL,UTL
UNIVERSAL INSURANCE UVE,UVE
UNIVEST CORP OF PENN UVSP,UVSP
UNIVERSAL CORP UVV,UVV
US GOLD CORP UXG,UXG
VALUE LINE INC VALU,VALU
VASCULAR SOLUTIONS INC VASC,VASC
VIRGINIA COMM BANCORP VCBI,VCBI
VALASSIS COMMUNICATIONS VCI,VCI
VALUECLICK INC VCLK,VCLK
VASCO DATA SECURITY INT VDSI,VDSI
VEECO INSTRUMENTS INC VECO,VECO
VONAGE HLDGS CORP VG,VG
VECTOR GROUP LTD VGR,VGR
VISTA GOLD CORP VGZ,VGZ
VIRNETX HOLDING CORP VHC,VHC
VIASYSTEMS GROUP INC VIAS,VIAS
VICAL INC VICL,VICL
VICOR CORP VICR,VICR
ORTHOVITA INC VITA,VITA
MERIDIAN BIOSCIENCE INC VIVO,VIVO
KNIGHTSBRIDGE TANKERS VLCCF,VLCCF
VILLAGE SUPER MARKET IN VLGEA,VLGEA
VALENCE TECHNOLOGY INC VLNC,VLNC
VOLTERRA SEMICONDUCTOR VLTR,VLTR
VANDA PHARMACEUTICALS VNDA,VNDA
VOCUS INC VOCS,VOCS
VOYAGER OIL & GAS INC VOG,VOG
VOLCANO CORP VOLC,VOLC
AUDIOVOX CORP VOXX,VOXX
VIEWPOINT FINL GROUP VPFG,VPFG
VISHAY PRECISION GROUP VPG,VPG
VIROPHARMA INC VPHM,VPHM
VENOCO INC VQ,VQ
VERA BRADLEY INC VRA,VRA
VERINT SYS INC VRNT,VRNT
VERSO PAPER CORP VRS,VRS
VIRTUS INVESTMENT PTNRS VRTS,VRTS
VIRTUSA CORP VRTU,VRTU
VIASAT INC VSAT,VSAT
VSE CORP VSEC,VSEC
VITAMIN SHOPPE INC VSI,VSI
VANTAGE DRILLING COMPAN VTG,VTG
VIAD CORP VVI,VVI
VALUEVISION MEDIA INC VVTV,VVTV
VIVUS INC VVUS,VVUS
WESTAMERICA BANCORP WABC,WABC
WALTER INV MGMT CORP WAC,WAC
WESTERN ALLIANCE BANCOR WAL,WAL
WASHINGTON TRUST BANCOR WASH,WASH
WAVE SYSTEMS CORP WAVX,WAVX
WASHINGTON BANKING CO WBCO,WBCO
WEBSTER FINANCIAL CORP WBS,WBS
WEBSENSE INC WBSN,WBSN
WCA WASTE CORP WCAA,WCAA
WEST COAST BANCORP WCBO,WCBO
WELLCARE GROUP INC WCG,WCG
WALKER & DUNLOP INC WD,WD
WD-40 CO WDFC,WDFC
WERNER ENTERPRISES INC WERN,WERN
WEYCO GROUP INC WEYS,WEYS
WESTFIELD FINANCIAL INC WFD,WFD
WILLBROS GROUP INC WG,WG
WGL HOLDINGS INC WGL,WGL
WINNEBAGO INDUSTRIES IN WGO,WGO
WESTWOOD HOLDINGS GROUP WHG,WHG
WILSHIRE BANCORP INC WIBC,WIBC
BOINGO WIRELESS INC WIFI,WIFI
WINMARK CORP WINA,WINA
WINN DIXIE STORES INC WINN,WINN
ENCORE WIRE CORP WIRE,WIRE
WESTMORELAND COAL CO WLB,WLB
WEST MARINE INC WMAR,WMAR
WARNER MUSIC GROUP CORP WMG,WMG
WRIGHT MEDICAL GROUP IN WMGI,WMGI
WEIS MARKETS INC WMK,WMK
WABASH NATIONAL CORP WNC,WNC
SCHIFF NUTRITION INTL WNI,WNI
WESTERN REFINING INC WNR,WNR
WORTHINGTON INDUSTRIES WOR,WOR
WAUSAU PAPER CORP WPP,WPP
WARNACO GROUP INC WRC,WRC
WASHINGTON REAL ESTATE WRE,WRE
WARREN RESOURCES INC WRES,WRES
WORLD ACCEPTANCE CORP WRLD,WRLD
WESBANCO INC WSBC,WSBC
WSFS FINANCIAL CORP WSFS,WSFS
WATSCO INC WSO,WSO
WHITESTONE REIT WSR,WSR
WEST PHARMACEUTICAL SVC WST,WST
WESTELL TECHNOLOGIES IN WSTL,WSTL
WEST BANCORPORATION INC WTBA,WTBA
WINTRUST FINANCIAL CORP WTFC,WTFC
W&T OFFSHORE INC WTI,WTI
WATTS WATER TECH INC WTS,WTS
WET SEAL INC WTSLA,WTSLA
WOODWARD INC WWD,WWD
WORLD WRESTLING ENTMNT WWE,WWE
WESTWOOD ONE INC WWON,WWON
WOLVERINE WORLD WIDE WWW,WWW
WEB.COM GROUP INC WWWW,WWWW
WRIGHT EXPRESS CORP WXS,WXS
EXIDE TECHNOLOGIES XIDE,XIDE
XENOPORT INC XNPT,XNPT
X-RITE INC XRIT,XRIT
XERIUM TECHNOLOGIES INC XRM,XRM
XYRATEX LTD XRTX,XRTX
CROSSTEX ENERGY INC XTXI,XTXI
IXIA XXIA,XXIA
YOUNG INNOVATIONS INC YDNT,YDNT
YORK WATER COMPANY YORW,YORW
U STORE IT TRUST YSI,YSI
ZAGG INCORPORATED ZAGG,ZAGG
ZEP INC ZEP,ZEP
OLYMPIC STEEL INC ZEUS,ZEUS
ZOGENIX INC ZGNX,ZGNX
ZYGO CORP ZIGO,ZIGO
HORSEHEAD HOLDING CORP ZINC,ZINC
ZIOPHARM ONCOLOGY INC ZIOP,ZIOP
ZIPCAR INC ZIP,ZIP
ZIX CORP ZIXI,ZIXI
ZALE CORP ZLC,ZLC
ZALICUS INC ZLCS,ZLCS
ZION OIL & GAS INC ZN,ZN
ZOLL MEDICAL CORP ZOLL,ZOLL
ZOLTEK COMPANIES INC ZOLT,ZOLT
QUIKSILVER INC ZQK,ZQK
ZORAN CORP ZRAN,ZRAN
ZUMIEZ INC ZUMZ,ZUMZ
SEALY CORP ZZ,ZZ
